[2023-10-02 23:24:19] Текст ошибки: Возникла ошибочка! | Файл: D:\OSPanel\domains\new-ishop.loc\public\index.php | Строка: 14
=================
[2023-10-02 23:25:09] Текст ошибки: Возникла ошибочка! | Файл: D:\OSPanel\domains\new-ishop.loc\public\index.php | Строка: 14
=================
[2023-10-02 23:28:10] Текст ошибки: Возникла ошибочка! | Файл: D:\OSPanel\domains\new-ishop.loc\public\index.php | Строка: 14
=================
[2023-10-02 23:32:02] Текст ошибки: Возникла ошибочка! | Файл: D:\OSPanel\domains\new-ishop.loc\public\index.php | Строка: 14
=================
[2023-10-02 23:32:03] Текст ошибки: Возникла ошибочка! | Файл: D:\OSPanel\domains\new-ishop.loc\public\index.php | Строка: 14
=================
[2023-10-02 23:32:04] Текст ошибки: Возникла ошибочка! | Файл: D:\OSPanel\domains\new-ishop.loc\public\index.php | Строка: 14
=================
[2023-10-02 23:32:04] Текст ошибки: Возникла ошибочка! | Файл: D:\OSPanel\domains\new-ishop.loc\public\index.php | Строка: 14
=================
[2023-10-02 23:32:04] Текст ошибки: Возникла ошибочка! | Файл: D:\OSPanel\domains\new-ishop.loc\public\index.php | Строка: 14
=================
[2023-10-02 23:33:21] Текст ошибки: Undefined variable $test | Файл: D:\OSPanel\domains\new-ishop.loc\public\index.php | Строка: 15
=================
[2023-10-02 23:34:54] Текст ошибки: Undefined variable $test | Файл: D:\OSPanel\domains\new-ishop.loc\public\index.php | Строка: 15
=================
[2023-10-02 23:36:04] Текст ошибки: Возникла ошибочка! | Файл: D:\OSPanel\domains\new-ishop.loc\public\index.php | Строка: 14
=================
[2023-10-02 23:36:05] Текст ошибки: Возникла ошибочка! | Файл: D:\OSPanel\domains\new-ishop.loc\public\index.php | Строка: 14
=================
[2023-10-02 23:36:14] Текст ошибки: Возникла ошибочка! | Файл: D:\OSPanel\domains\new-ishop.loc\public\index.php | Строка: 14
=================
[2023-10-03 19:37:03] Текст ошибки: Undefined array key "admin_prefix" | Файл: D:\OSPanel\domains\new-ishop.loc\vendor\wfm\Router.php | Строка: 31
=================
[2023-10-03 19:37:03] Текст ошибки: Страница не найдена | Файл: D:\OSPanel\domains\new-ishop.loc\vendor\wfm\Router.php | Строка: 46
=================
[2023-10-03 19:37:56] Текст ошибки: Undefined array key "admin_prefix" | Файл: D:\OSPanel\domains\new-ishop.loc\vendor\wfm\Router.php | Строка: 31
=================
[2023-10-03 19:37:57] Текст ошибки: Undefined array key "admin_prefix" | Файл: D:\OSPanel\domains\new-ishop.loc\vendor\wfm\Router.php | Строка: 31
=================
[2023-10-03 19:38:18] Текст ошибки: Undefined array key "admin_prefix" | Файл: D:\OSPanel\domains\new-ishop.loc\vendor\wfm\Router.php | Строка: 31
=================
[2023-10-03 19:38:19] Текст ошибки: Undefined array key "admin_prefix" | Файл: D:\OSPanel\domains\new-ishop.loc\vendor\wfm\Router.php | Строка: 31
=================
[2023-10-03 19:39:33] Текст ошибки: Undefined array key "admin_prefix" | Файл: D:\OSPanel\domains\new-ishop.loc\vendor\wfm\Router.php | Строка: 31
=================
[2023-10-03 19:39:34] Текст ошибки: Undefined array key "admin_prefix" | Файл: D:\OSPanel\domains\new-ishop.loc\vendor\wfm\Router.php | Строка: 31
=================
[2023-10-03 19:39:34] Текст ошибки: Undefined array key "admin_prefix" | Файл: D:\OSPanel\domains\new-ishop.loc\vendor\wfm\Router.php | Строка: 31
=================
[2023-10-03 19:39:35] Текст ошибки: Undefined array key "admin_prefix" | Файл: D:\OSPanel\domains\new-ishop.loc\vendor\wfm\Router.php | Строка: 31
=================
[2023-10-03 19:39:35] Текст ошибки: Undefined array key "admin_prefix" | Файл: D:\OSPanel\domains\new-ishop.loc\vendor\wfm\Router.php | Строка: 31
=================
[2023-10-03 19:39:35] Текст ошибки: Undefined array key "admin_prefix" | Файл: D:\OSPanel\domains\new-ishop.loc\vendor\wfm\Router.php | Строка: 31
=================
[2023-10-03 19:39:35] Текст ошибки: Undefined array key "admin_prefix" | Файл: D:\OSPanel\domains\new-ishop.loc\vendor\wfm\Router.php | Строка: 31
=================
[2023-10-03 19:39:35] Текст ошибки: Undefined array key "admin_prefix" | Файл: D:\OSPanel\domains\new-ishop.loc\vendor\wfm\Router.php | Строка: 31
=================
[2023-10-03 19:39:35] Текст ошибки: Undefined array key "admin_prefix" | Файл: D:\OSPanel\domains\new-ishop.loc\vendor\wfm\Router.php | Строка: 31
=================
[2023-10-03 19:39:36] Текст ошибки: Undefined array key "admin_prefix" | Файл: D:\OSPanel\domains\new-ishop.loc\vendor\wfm\Router.php | Строка: 31
=================
[2023-10-03 19:39:36] Текст ошибки: Undefined array key "admin_prefix" | Файл: D:\OSPanel\domains\new-ishop.loc\vendor\wfm\Router.php | Строка: 31
=================
[2023-10-03 19:39:36] Текст ошибки: Undefined array key "admin_prefix" | Файл: D:\OSPanel\domains\new-ishop.loc\vendor\wfm\Router.php | Строка: 31
=================
[2023-10-03 19:39:36] Текст ошибки: Undefined array key "admin_prefix" | Файл: D:\OSPanel\domains\new-ishop.loc\vendor\wfm\Router.php | Строка: 31
=================
[2023-10-03 19:40:47] Текст ошибки: Undefined array key "admin_prefix" | Файл: D:\OSPanel\domains\new-ishop.loc\vendor\wfm\Router.php | Строка: 31
=================
[2023-10-03 19:40:48] Текст ошибки: Undefined array key "admin_prefix" | Файл: D:\OSPanel\domains\new-ishop.loc\vendor\wfm\Router.php | Строка: 31
=================
[2023-10-03 19:40:49] Текст ошибки: Undefined array key "admin_prefix" | Файл: D:\OSPanel\domains\new-ishop.loc\vendor\wfm\Router.php | Строка: 31
=================
[2023-10-03 19:41:17] Текст ошибки: Undefined array key "admin_prefix" | Файл: D:\OSPanel\domains\new-ishop.loc\vendor\wfm\Router.php | Строка: 31
=================
[2023-10-03 19:41:17] Текст ошибки: Undefined array key "admin_prefix" | Файл: D:\OSPanel\domains\new-ishop.loc\vendor\wfm\Router.php | Строка: 31
=================
[2023-10-03 19:45:01] Текст ошибки: Контроллер app\controllers\MainController не найден | Файл: D:\OSPanel\domains\new-ishop.loc\vendor\wfm\Router.php | Строка: 42
=================
[2023-10-03 19:45:02] Текст ошибки: Контроллер app\controllers\MainController не найден | Файл: D:\OSPanel\domains\new-ishop.loc\vendor\wfm\Router.php | Строка: 42
=================
[2023-10-03 19:48:42] Текст ошибки: Страница не найдена | Файл: D:\OSPanel\domains\new-ishop.loc\vendor\wfm\Router.php | Строка: 46
=================
[2023-10-03 20:05:17] Текст ошибки: Контроллер app\controllers\MainController не найден | Файл: D:\OSPanel\domains\new-ishop.loc\vendor\wfm\Router.php | Строка: 44
=================
[2023-10-03 20:05:17] Текст ошибки: Контроллер app\controllers\MainController не найден | Файл: D:\OSPanel\domains\new-ishop.loc\vendor\wfm\Router.php | Строка: 44
=================
[2023-10-03 20:08:37] Текст ошибки: Метод app\controllers\MainController::indexAction не найден | Файл: D:\OSPanel\domains\new-ishop.loc\vendor\wfm\Router.php | Строка: 41
=================
[2023-10-03 20:10:59] Текст ошибки: Контроллер app\controllers\PageController не найден | Файл: D:\OSPanel\domains\new-ishop.loc\vendor\wfm\Router.php | Строка: 44
=================
[2023-10-03 20:16:04] Текст ошибки: Контроллер app\controllers\admin\MainController не найден | Файл: D:\OSPanel\domains\new-ishop.loc\vendor\wfm\Router.php | Строка: 44
=================
[2023-10-03 20:16:52] Текст ошибки: Метод app\controllers\admin\MainController::indexAction не найден | Файл: D:\OSPanel\domains\new-ishop.loc\vendor\wfm\Router.php | Строка: 41
=================
[2023-10-03 20:16:55] Текст ошибки: Метод app\controllers\admin\MainController::indexAction не найден | Файл: D:\OSPanel\domains\new-ishop.loc\vendor\wfm\Router.php | Строка: 41
=================
[2023-10-03 20:51:47] Текст ошибки: Страница не найдена | Файл: D:\OSPanel\domains\new-ishop.loc\vendor\wfm\Router.php | Строка: 50
=================
[2023-10-03 21:48:11] Текст ошибки: Typed property wfm\Controller::$model must not be accessed before initialization | Файл: D:\OSPanel\domains\new-ishop.loc\app\controllers\MainController.php | Строка: 12
=================
[2023-10-03 21:48:11] Текст ошибки: Typed property wfm\Controller::$model must not be accessed before initialization | Файл: D:\OSPanel\domains\new-ishop.loc\app\controllers\MainController.php | Строка: 12
=================
[2023-10-04 12:44:55] Текст ошибки: Typed property wfm\Controller::$model must not be accessed before initialization | Файл: D:\OSPanel\domains\new-ishop.loc\app\controllers\MainController.php | Строка: 12
=================
[2023-10-04 12:44:55] Текст ошибки: Страница не найдена | Файл: D:\OSPanel\domains\new-ishop.loc\vendor\wfm\Router.php | Строка: 67
=================
[2023-10-04 12:45:12] Текст ошибки: Не найден вид D:\OSPanel\domains\new-ishop.loc/app/views/admin/Main/index.php | Файл: D:\OSPanel\domains\new-ishop.loc\vendor\wfm\View.php | Строка: 36
=================
[2023-10-04 12:50:13] Текст ошибки: Typed property wfm\Controller::$model must not be accessed before initialization | Файл: D:\OSPanel\domains\new-ishop.loc\app\controllers\MainController.php | Строка: 12
=================
[2023-10-04 12:50:13] Текст ошибки: Typed property wfm\Controller::$model must not be accessed before initialization | Файл: D:\OSPanel\domains\new-ishop.loc\app\controllers\MainController.php | Строка: 12
=================
[2023-10-04 13:24:48] Текст ошибки: Typed property wfm\Controller::$model must not be accessed before initialization | Файл: D:\OSPanel\domains\new-ishop.loc\app\controllers\MainController.php | Строка: 12
=================
[2023-10-04 13:25:35] Текст ошибки: Не найден вид D:\OSPanel\domains\new-ishop.loc/app/views/Main/index.php | Файл: D:\OSPanel\domains\new-ishop.loc\vendor\wfm\View.php | Строка: 39
=================
[2023-10-04 13:25:36] Текст ошибки: Не найден вид D:\OSPanel\domains\new-ishop.loc/app/views/Main/index.php | Файл: D:\OSPanel\domains\new-ishop.loc\vendor\wfm\View.php | Строка: 39
=================
[2023-10-04 13:25:52] Текст ошибки: Не найден вид D:\OSPanel\domains\new-ishop.loc/app/views/Main/index.php | Файл: D:\OSPanel\domains\new-ishop.loc\vendor\wfm\View.php | Строка: 39
=================
[2023-10-04 13:26:57] Текст ошибки: Не найден вид D:\OSPanel\domains\new-ishop.loc/app/views/Main/index.php | Файл: D:\OSPanel\domains\new-ishop.loc\vendor\wfm\View.php | Строка: 39
=================
[2023-10-04 13:28:04] Текст ошибки: Не найден шаблон D:\OSPanel\domains\new-ishop.loc/app/views/layouts/ishop.php | Файл: D:\OSPanel\domains\new-ishop.loc\vendor\wfm\View.php | Строка: 47
=================
[2023-10-04 13:28:05] Текст ошибки: Не найден шаблон D:\OSPanel\domains\new-ishop.loc/app/views/layouts/ishop.php | Файл: D:\OSPanel\domains\new-ishop.loc\vendor\wfm\View.php | Строка: 47
=================
[2023-10-04 13:34:52] Текст ошибки: Не найден шаблон D:\OSPanel\domains\new-ishop.loc/app/views/layouts/ishop.php | Файл: D:\OSPanel\domains\new-ishop.loc\vendor\wfm\View.php | Строка: 47
=================
[2023-10-04 13:37:28] Текст ошибки: Не найден шаблон D:\OSPanel\domains\new-ishop.loc/app/views/layouts/test.php | Файл: D:\OSPanel\domains\new-ishop.loc\vendor\wfm\View.php | Строка: 47
=================
[2023-10-04 13:39:01] Текст ошибки: Не найден шаблон D:\OSPanel\domains\new-ishop.loc/app/views/layouts/test2.php | Файл: D:\OSPanel\domains\new-ishop.loc\vendor\wfm\View.php | Строка: 47
=================
[2023-10-04 13:39:26] Текст ошибки: Не найден вид D:\OSPanel\domains\new-ishop.loc/app/views/admin/Main/index.php | Файл: D:\OSPanel\domains\new-ishop.loc\vendor\wfm\View.php | Строка: 39
=================
[2023-10-04 13:39:27] Текст ошибки: Не найден вид D:\OSPanel\domains\new-ishop.loc/app/views/admin/Main/index.php | Файл: D:\OSPanel\domains\new-ishop.loc\vendor\wfm\View.php | Строка: 39
=================
[2023-10-04 13:39:37] Текст ошибки: Не найден шаблон D:\OSPanel\domains\new-ishop.loc/app/views/layouts/test2.php | Файл: D:\OSPanel\domains\new-ishop.loc\vendor\wfm\View.php | Строка: 47
=================
[2023-10-04 13:39:37] Текст ошибки: Не найден шаблон D:\OSPanel\domains\new-ishop.loc/app/views/layouts/test2.php | Файл: D:\OSPanel\domains\new-ishop.loc\vendor\wfm\View.php | Строка: 47
=================
[2023-10-04 14:17:34] Текст ошибки: Call to undefined function wfm\h() | Файл: D:\OSPanel\domains\new-ishop.loc\vendor\wfm\View.php | Строка: 54
=================
[2023-10-04 14:39:17] Текст ошибки: Undefined variable $test | Файл: D:\OSPanel\domains\new-ishop.loc\app\views\Main\index.php | Строка: 3
=================
[2023-10-04 15:46:58] Текст ошибки: Class "app\controllers\R" not found | Файл: D:\OSPanel\domains\new-ishop.loc\app\controllers\MainController.php | Строка: 12
=================
[2023-10-04 15:47:22] Текст ошибки: Undefined variable $test | Файл: D:\OSPanel\domains\new-ishop.loc\app\views\Main\index.php | Строка: 3
=================
[2023-10-04 15:48:40] Текст ошибки: Undefined array key "properties" | Файл: D:\OSPanel\domains\new-ishop.loc\app\controllers\MainController.php | Строка: 15
=================
[2023-10-04 15:48:45] Текст ошибки: Undefined variable $test | Файл: D:\OSPanel\domains\new-ishop.loc\app\views\Main\index.php | Строка: 3
=================
[2023-10-04 15:55:03] Текст ошибки: Undefined variable $test | Файл: D:\OSPanel\domains\new-ishop.loc\app\views\Main\index.php | Строка: 3
=================
[2023-10-07 13:02:39] Текст ошибки: Страница не найдена | Файл: D:\OSPanel\domains\new-ishop.loc\vendor\wfm\Router.php | Строка: 67
=================
[2023-10-07 13:02:39] Текст ошибки: Страница не найдена | Файл: D:\OSPanel\domains\new-ishop.loc\vendor\wfm\Router.php | Строка: 67
=================
[2023-10-07 13:02:39] Текст ошибки: Страница не найдена | Файл: D:\OSPanel\domains\new-ishop.loc\vendor\wfm\Router.php | Строка: 67
=================
[2023-10-07 13:02:39] Текст ошибки: Страница не найдена | Файл: D:\OSPanel\domains\new-ishop.loc\vendor\wfm\Router.php | Строка: 67
=================
[2023-10-07 13:02:39] Текст ошибки: Страница не найдена | Файл: D:\OSPanel\domains\new-ishop.loc\vendor\wfm\Router.php | Строка: 67
=================
[2023-10-07 13:02:39] Текст ошибки: Страница не найдена | Файл: D:\OSPanel\domains\new-ishop.loc\vendor\wfm\Router.php | Строка: 67
=================
[2023-10-07 13:02:39] Текст ошибки: Страница не найдена | Файл: D:\OSPanel\domains\new-ishop.loc\vendor\wfm\Router.php | Строка: 67
=================
[2023-10-07 13:02:39] Текст ошибки: Страница не найдена | Файл: D:\OSPanel\domains\new-ishop.loc\vendor\wfm\Router.php | Строка: 67
=================
[2023-10-07 13:02:39] Текст ошибки: Страница не найдена | Файл: D:\OSPanel\domains\new-ishop.loc\vendor\wfm\Router.php | Строка: 67
=================
[2023-10-07 13:02:39] Текст ошибки: Страница не найдена | Файл: D:\OSPanel\domains\new-ishop.loc\vendor\wfm\Router.php | Строка: 67
=================
[2023-10-07 13:02:39] Текст ошибки: Страница не найдена | Файл: D:\OSPanel\domains\new-ishop.loc\vendor\wfm\Router.php | Строка: 67
=================
[2023-10-07 13:02:39] Текст ошибки: Страница не найдена | Файл: D:\OSPanel\domains\new-ishop.loc\vendor\wfm\Router.php | Строка: 67
=================
[2023-10-07 13:02:39] Текст ошибки: Страница не найдена | Файл: D:\OSPanel\domains\new-ishop.loc\vendor\wfm\Router.php | Строка: 67
=================
[2023-10-07 13:02:39] Текст ошибки: Страница не найдена | Файл: D:\OSPanel\domains\new-ishop.loc\vendor\wfm\Router.php | Строка: 67
=================
[2023-10-07 13:02:39] Текст ошибки: Страница не найдена | Файл: D:\OSPanel\domains\new-ishop.loc\vendor\wfm\Router.php | Строка: 67
=================
[2023-10-07 13:06:25] Текст ошибки: Страница не найдена | Файл: D:\OSPanel\domains\new-ishop.loc\vendor\wfm\Router.php | Строка: 67
=================
[2023-10-07 13:06:25] Текст ошибки: Страница не найдена | Файл: D:\OSPanel\domains\new-ishop.loc\vendor\wfm\Router.php | Строка: 67
=================
[2023-10-07 13:06:25] Текст ошибки: Страница не найдена | Файл: D:\OSPanel\domains\new-ishop.loc\vendor\wfm\Router.php | Строка: 67
=================
[2023-10-07 13:06:25] Текст ошибки: Страница не найдена | Файл: D:\OSPanel\domains\new-ishop.loc\vendor\wfm\Router.php | Строка: 67
=================
[2023-10-07 13:06:25] Текст ошибки: Страница не найдена | Файл: D:\OSPanel\domains\new-ishop.loc\vendor\wfm\Router.php | Строка: 67
=================
[2023-10-07 13:06:25] Текст ошибки: Страница не найдена | Файл: D:\OSPanel\domains\new-ishop.loc\vendor\wfm\Router.php | Строка: 67
=================
[2023-10-07 13:06:25] Текст ошибки: Страница не найдена | Файл: D:\OSPanel\domains\new-ishop.loc\vendor\wfm\Router.php | Строка: 67
=================
[2023-10-07 13:06:25] Текст ошибки: Страница не найдена | Файл: D:\OSPanel\domains\new-ishop.loc\vendor\wfm\Router.php | Строка: 67
=================
[2023-10-07 13:06:25] Текст ошибки: Страница не найдена | Файл: D:\OSPanel\domains\new-ishop.loc\vendor\wfm\Router.php | Строка: 67
=================
[2023-10-07 13:06:25] Текст ошибки: Страница не найдена | Файл: D:\OSPanel\domains\new-ishop.loc\vendor\wfm\Router.php | Строка: 67
=================
[2023-10-07 13:06:25] Текст ошибки: Страница не найдена | Файл: D:\OSPanel\domains\new-ishop.loc\vendor\wfm\Router.php | Строка: 67
=================
[2023-10-07 13:06:25] Текст ошибки: Страница не найдена | Файл: D:\OSPanel\domains\new-ishop.loc\vendor\wfm\Router.php | Строка: 67
=================
[2023-10-07 13:06:25] Текст ошибки: Страница не найдена | Файл: D:\OSPanel\domains\new-ishop.loc\vendor\wfm\Router.php | Строка: 67
=================
[2023-10-07 13:06:25] Текст ошибки: Страница не найдена | Файл: D:\OSPanel\domains\new-ishop.loc\vendor\wfm\Router.php | Строка: 67
=================
[2023-10-07 13:06:26] Текст ошибки: Страница не найдена | Файл: D:\OSPanel\domains\new-ishop.loc\vendor\wfm\Router.php | Строка: 67
=================
[2023-10-07 13:06:26] Текст ошибки: Страница не найдена | Файл: D:\OSPanel\domains\new-ishop.loc\vendor\wfm\Router.php | Строка: 67
=================
[2023-10-07 13:06:26] Текст ошибки: Страница не найдена | Файл: D:\OSPanel\domains\new-ishop.loc\vendor\wfm\Router.php | Строка: 67
=================
[2023-10-07 13:06:26] Текст ошибки: Страница не найдена | Файл: D:\OSPanel\domains\new-ishop.loc\vendor\wfm\Router.php | Строка: 67
=================
[2023-10-07 13:06:26] Текст ошибки: Страница не найдена | Файл: D:\OSPanel\domains\new-ishop.loc\vendor\wfm\Router.php | Строка: 67
=================
[2023-10-07 13:06:26] Текст ошибки: Страница не найдена | Файл: D:\OSPanel\domains\new-ishop.loc\vendor\wfm\Router.php | Строка: 67
=================
[2023-10-07 13:06:26] Текст ошибки: Страница не найдена | Файл: D:\OSPanel\domains\new-ishop.loc\vendor\wfm\Router.php | Строка: 67
=================
[2023-10-07 13:06:26] Текст ошибки: Страница не найдена | Файл: D:\OSPanel\domains\new-ishop.loc\vendor\wfm\Router.php | Строка: 67
=================
[2023-10-07 13:06:26] Текст ошибки: Страница не найдена | Файл: D:\OSPanel\domains\new-ishop.loc\vendor\wfm\Router.php | Строка: 67
=================
[2023-10-07 13:06:26] Текст ошибки: Страница не найдена | Файл: D:\OSPanel\domains\new-ishop.loc\vendor\wfm\Router.php | Строка: 67
=================
[2023-10-07 13:06:26] Текст ошибки: Страница не найдена | Файл: D:\OSPanel\domains\new-ishop.loc\vendor\wfm\Router.php | Строка: 67
=================
[2023-10-07 13:06:26] Текст ошибки: Страница не найдена | Файл: D:\OSPanel\domains\new-ishop.loc\vendor\wfm\Router.php | Строка: 67
=================
[2023-10-07 13:06:26] Текст ошибки: Страница не найдена | Файл: D:\OSPanel\domains\new-ishop.loc\vendor\wfm\Router.php | Строка: 67
=================
[2023-10-07 13:08:56] Текст ошибки: Страница не найдена | Файл: D:\OSPanel\domains\new-ishop.loc\vendor\wfm\Router.php | Строка: 67
=================
[2023-10-07 13:08:56] Текст ошибки: Страница не найдена | Файл: D:\OSPanel\domains\new-ishop.loc\vendor\wfm\Router.php | Строка: 67
=================
[2023-10-07 13:08:56] Текст ошибки: Страница не найдена | Файл: D:\OSPanel\domains\new-ishop.loc\vendor\wfm\Router.php | Строка: 67
=================
[2023-10-07 13:08:56] Текст ошибки: Страница не найдена | Файл: D:\OSPanel\domains\new-ishop.loc\vendor\wfm\Router.php | Строка: 67
=================
[2023-10-07 13:08:56] Текст ошибки: Страница не найдена | Файл: D:\OSPanel\domains\new-ishop.loc\vendor\wfm\Router.php | Строка: 67
=================
[2023-10-07 13:08:56] Текст ошибки: Страница не найдена | Файл: D:\OSPanel\domains\new-ishop.loc\vendor\wfm\Router.php | Строка: 67
=================
[2023-10-07 13:08:56] Текст ошибки: Страница не найдена | Файл: D:\OSPanel\domains\new-ishop.loc\vendor\wfm\Router.php | Строка: 67
=================
[2023-10-07 13:08:56] Текст ошибки: Страница не найдена | Файл: D:\OSPanel\domains\new-ishop.loc\vendor\wfm\Router.php | Строка: 67
=================
[2023-10-07 13:08:56] Текст ошибки: Страница не найдена | Файл: D:\OSPanel\domains\new-ishop.loc\vendor\wfm\Router.php | Строка: 67
=================
[2023-10-07 13:08:56] Текст ошибки: Страница не найдена | Файл: D:\OSPanel\domains\new-ishop.loc\vendor\wfm\Router.php | Строка: 67
=================
[2023-10-07 13:08:56] Текст ошибки: Страница не найдена | Файл: D:\OSPanel\domains\new-ishop.loc\vendor\wfm\Router.php | Строка: 67
=================
[2023-10-07 13:08:56] Текст ошибки: Страница не найдена | Файл: D:\OSPanel\domains\new-ishop.loc\vendor\wfm\Router.php | Строка: 67
=================
[2023-10-07 13:08:56] Текст ошибки: Страница не найдена | Файл: D:\OSPanel\domains\new-ishop.loc\vendor\wfm\Router.php | Строка: 67
=================
[2023-10-07 13:09:36] Текст ошибки: Страница не найдена | Файл: D:\OSPanel\domains\new-ishop.loc\vendor\wfm\Router.php | Строка: 67
=================
[2023-10-07 13:09:36] Текст ошибки: Страница не найдена | Файл: D:\OSPanel\domains\new-ishop.loc\vendor\wfm\Router.php | Строка: 67
=================
[2023-10-07 13:09:36] Текст ошибки: Страница не найдена | Файл: D:\OSPanel\domains\new-ishop.loc\vendor\wfm\Router.php | Строка: 67
=================
[2023-10-07 13:09:36] Текст ошибки: Страница не найдена | Файл: D:\OSPanel\domains\new-ishop.loc\vendor\wfm\Router.php | Строка: 67
=================
[2023-10-07 13:09:36] Текст ошибки: Страница не найдена | Файл: D:\OSPanel\domains\new-ishop.loc\vendor\wfm\Router.php | Строка: 67
=================
[2023-10-07 13:09:36] Текст ошибки: Страница не найдена | Файл: D:\OSPanel\domains\new-ishop.loc\vendor\wfm\Router.php | Строка: 67
=================
[2023-10-07 13:09:36] Текст ошибки: Страница не найдена | Файл: D:\OSPanel\domains\new-ishop.loc\vendor\wfm\Router.php | Строка: 67
=================
[2023-10-07 13:09:36] Текст ошибки: Страница не найдена | Файл: D:\OSPanel\domains\new-ishop.loc\vendor\wfm\Router.php | Строка: 67
=================
[2023-10-07 13:09:36] Текст ошибки: Страница не найдена | Файл: D:\OSPanel\domains\new-ishop.loc\vendor\wfm\Router.php | Строка: 67
=================
[2023-10-07 13:09:36] Текст ошибки: Страница не найдена | Файл: D:\OSPanel\domains\new-ishop.loc\vendor\wfm\Router.php | Строка: 67
=================
[2023-10-07 13:09:36] Текст ошибки: Страница не найдена | Файл: D:\OSPanel\domains\new-ishop.loc\vendor\wfm\Router.php | Строка: 67
=================
[2023-10-07 13:09:36] Текст ошибки: Страница не найдена | Файл: D:\OSPanel\domains\new-ishop.loc\vendor\wfm\Router.php | Строка: 67
=================
[2023-10-07 13:09:36] Текст ошибки: Страница не найдена | Файл: D:\OSPanel\domains\new-ishop.loc\vendor\wfm\Router.php | Строка: 67
=================
[2023-10-07 13:12:14] Текст ошибки: Страница не найдена | Файл: D:\OSPanel\domains\new-ishop.loc\vendor\wfm\Router.php | Строка: 67
=================
[2023-10-07 13:12:14] Текст ошибки: Страница не найдена | Файл: D:\OSPanel\domains\new-ishop.loc\vendor\wfm\Router.php | Строка: 67
=================
[2023-10-07 13:12:14] Текст ошибки: Страница не найдена | Файл: D:\OSPanel\domains\new-ishop.loc\vendor\wfm\Router.php | Строка: 67
=================
[2023-10-07 13:12:14] Текст ошибки: Страница не найдена | Файл: D:\OSPanel\domains\new-ishop.loc\vendor\wfm\Router.php | Строка: 67
=================
[2023-10-07 13:12:14] Текст ошибки: Страница не найдена | Файл: D:\OSPanel\domains\new-ishop.loc\vendor\wfm\Router.php | Строка: 67
=================
[2023-10-07 13:12:14] Текст ошибки: Страница не найдена | Файл: D:\OSPanel\domains\new-ishop.loc\vendor\wfm\Router.php | Строка: 67
=================
[2023-10-07 13:12:14] Текст ошибки: Страница не найдена | Файл: D:\OSPanel\domains\new-ishop.loc\vendor\wfm\Router.php | Строка: 67
=================
[2023-10-07 13:12:14] Текст ошибки: Страница не найдена | Файл: D:\OSPanel\domains\new-ishop.loc\vendor\wfm\Router.php | Строка: 67
=================
[2023-10-07 13:12:14] Текст ошибки: Страница не найдена | Файл: D:\OSPanel\domains\new-ishop.loc\vendor\wfm\Router.php | Строка: 67
=================
[2023-10-07 13:12:14] Текст ошибки: Страница не найдена | Файл: D:\OSPanel\domains\new-ishop.loc\vendor\wfm\Router.php | Строка: 67
=================
[2023-10-07 13:12:14] Текст ошибки: Страница не найдена | Файл: D:\OSPanel\domains\new-ishop.loc\vendor\wfm\Router.php | Строка: 67
=================
[2023-10-07 13:12:14] Текст ошибки: Страница не найдена | Файл: D:\OSPanel\domains\new-ishop.loc\vendor\wfm\Router.php | Строка: 67
=================
[2023-10-07 13:12:55] Текст ошибки: Страница не найдена | Файл: D:\OSPanel\domains\new-ishop.loc\vendor\wfm\Router.php | Строка: 67
=================
[2023-10-07 13:12:55] Текст ошибки: Страница не найдена | Файл: D:\OSPanel\domains\new-ishop.loc\vendor\wfm\Router.php | Строка: 67
=================
[2023-10-07 13:12:55] Текст ошибки: Страница не найдена | Файл: D:\OSPanel\domains\new-ishop.loc\vendor\wfm\Router.php | Строка: 67
=================
[2023-10-07 13:12:55] Текст ошибки: Страница не найдена | Файл: D:\OSPanel\domains\new-ishop.loc\vendor\wfm\Router.php | Строка: 67
=================
[2023-10-07 13:12:55] Текст ошибки: Страница не найдена | Файл: D:\OSPanel\domains\new-ishop.loc\vendor\wfm\Router.php | Строка: 67
=================
[2023-10-07 13:12:55] Текст ошибки: Страница не найдена | Файл: D:\OSPanel\domains\new-ishop.loc\vendor\wfm\Router.php | Строка: 67
=================
[2023-10-07 13:12:55] Текст ошибки: Страница не найдена | Файл: D:\OSPanel\domains\new-ishop.loc\vendor\wfm\Router.php | Строка: 67
=================
[2023-10-07 13:12:55] Текст ошибки: Страница не найдена | Файл: D:\OSPanel\domains\new-ishop.loc\vendor\wfm\Router.php | Строка: 67
=================
[2023-10-07 13:12:55] Текст ошибки: Страница не найдена | Файл: D:\OSPanel\domains\new-ishop.loc\vendor\wfm\Router.php | Строка: 67
=================
[2023-10-07 13:12:55] Текст ошибки: Страница не найдена | Файл: D:\OSPanel\domains\new-ishop.loc\vendor\wfm\Router.php | Строка: 67
=================
[2023-10-07 13:12:55] Текст ошибки: Страница не найдена | Файл: D:\OSPanel\domains\new-ishop.loc\vendor\wfm\Router.php | Строка: 67
=================
[2023-10-07 13:14:40] Текст ошибки: Страница не найдена | Файл: D:\OSPanel\domains\new-ishop.loc\vendor\wfm\Router.php | Строка: 67
=================
[2023-10-07 13:14:40] Текст ошибки: Страница не найдена | Файл: D:\OSPanel\domains\new-ishop.loc\vendor\wfm\Router.php | Строка: 67
=================
[2023-10-07 13:14:40] Текст ошибки: Страница не найдена | Файл: D:\OSPanel\domains\new-ishop.loc\vendor\wfm\Router.php | Строка: 67
=================
[2023-10-07 13:14:40] Текст ошибки: Страница не найдена | Файл: D:\OSPanel\domains\new-ishop.loc\vendor\wfm\Router.php | Строка: 67
=================
[2023-10-07 13:14:40] Текст ошибки: Страница не найдена | Файл: D:\OSPanel\domains\new-ishop.loc\vendor\wfm\Router.php | Строка: 67
=================
[2023-10-07 13:14:40] Текст ошибки: Страница не найдена | Файл: D:\OSPanel\domains\new-ishop.loc\vendor\wfm\Router.php | Строка: 67
=================
[2023-10-07 13:14:40] Текст ошибки: Страница не найдена | Файл: D:\OSPanel\domains\new-ishop.loc\vendor\wfm\Router.php | Строка: 67
=================
[2023-10-07 13:14:40] Текст ошибки: Страница не найдена | Файл: D:\OSPanel\domains\new-ishop.loc\vendor\wfm\Router.php | Строка: 67
=================
[2023-10-07 13:14:40] Текст ошибки: Страница не найдена | Файл: D:\OSPanel\domains\new-ishop.loc\vendor\wfm\Router.php | Строка: 67
=================
[2023-10-07 13:14:40] Текст ошибки: Страница не найдена | Файл: D:\OSPanel\domains\new-ishop.loc\vendor\wfm\Router.php | Строка: 67
=================
[2023-10-07 13:20:04] Текст ошибки: Страница не найдена | Файл: D:\OSPanel\domains\new-ishop.loc\vendor\wfm\Router.php | Строка: 67
=================
[2023-10-07 13:36:32] Текст ошибки: require_once(APP . views/parts/header.php): Failed to open stream: No such file or directory | Файл: D:\OSPanel\domains\new-ishop.loc\app\views\layouts\ishop.php | Строка: 11
=================
[2023-10-07 13:36:33] Текст ошибки: require_once(APP . views/parts/header.php): Failed to open stream: No such file or directory | Файл: D:\OSPanel\domains\new-ishop.loc\app\views\layouts\ishop.php | Строка: 11
=================
[2023-10-07 13:36:42] Текст ошибки: require_once(D:\OSPanel\domains\new-ishop.loc/appviews/parts/header.php): Failed to open stream: No such file or directory | Файл: D:\OSPanel\domains\new-ishop.loc\app\views\layouts\ishop.php | Строка: 11
=================
[2023-10-07 13:36:42] Текст ошибки: require_once(D:\OSPanel\domains\new-ishop.loc/appviews/parts/header.php): Failed to open stream: No such file or directory | Файл: D:\OSPanel\domains\new-ishop.loc\app\views\layouts\ishop.php | Строка: 11
=================
[2023-10-07 13:36:43] Текст ошибки: require_once(D:\OSPanel\domains\new-ishop.loc/appviews/parts/header.php): Failed to open stream: No such file or directory | Файл: D:\OSPanel\domains\new-ishop.loc\app\views\layouts\ishop.php | Строка: 11
=================
[2023-10-07 16:02:17] Текст ошибки: Страница не найдена | Файл: D:\OSPanel\domains\new-ishop.loc\vendor\wfm\Router.php | Строка: 67
=================
[2023-10-07 16:02:17] Текст ошибки: Страница не найдена | Файл: D:\OSPanel\domains\new-ishop.loc\vendor\wfm\Router.php | Строка: 67
=================
[2023-10-07 16:02:17] Текст ошибки: Страница не найдена | Файл: D:\OSPanel\domains\new-ishop.loc\vendor\wfm\Router.php | Строка: 67
=================
[2023-10-07 16:02:22] Текст ошибки: Страница не найдена | Файл: D:\OSPanel\domains\new-ishop.loc\vendor\wfm\Router.php | Строка: 67
=================
[2023-10-07 16:02:22] Текст ошибки: Страница не найдена | Файл: D:\OSPanel\domains\new-ishop.loc\vendor\wfm\Router.php | Строка: 67
=================
[2023-10-07 16:02:22] Текст ошибки: Страница не найдена | Файл: D:\OSPanel\domains\new-ishop.loc\vendor\wfm\Router.php | Строка: 67
=================
[2023-10-07 16:02:22] Текст ошибки: Страница не найдена | Файл: D:\OSPanel\domains\new-ishop.loc\vendor\wfm\Router.php | Строка: 67
=================
[2023-10-07 16:02:22] Текст ошибки: Страница не найдена | Файл: D:\OSPanel\domains\new-ishop.loc\vendor\wfm\Router.php | Строка: 67
=================
[2023-10-07 16:02:22] Текст ошибки: Страница не найдена | Файл: D:\OSPanel\domains\new-ishop.loc\vendor\wfm\Router.php | Строка: 67
=================
[2023-10-07 16:02:23] Текст ошибки: Страница не найдена | Файл: D:\OSPanel\domains\new-ishop.loc\vendor\wfm\Router.php | Строка: 67
=================
[2023-10-07 16:02:24] Текст ошибки: Страница не найдена | Файл: D:\OSPanel\domains\new-ishop.loc\vendor\wfm\Router.php | Строка: 67
=================
[2023-10-07 16:02:27] Текст ошибки: Страница не найдена | Файл: D:\OSPanel\domains\new-ishop.loc\vendor\wfm\Router.php | Строка: 67
=================
[2023-10-07 16:02:27] Текст ошибки: Страница не найдена | Файл: D:\OSPanel\domains\new-ishop.loc\vendor\wfm\Router.php | Строка: 67
=================
[2023-10-07 16:02:27] Текст ошибки: Страница не найдена | Файл: D:\OSPanel\domains\new-ishop.loc\vendor\wfm\Router.php | Строка: 67
=================
[2023-10-07 16:02:29] Текст ошибки: Страница не найдена | Файл: D:\OSPanel\domains\new-ishop.loc\vendor\wfm\Router.php | Строка: 67
=================
[2023-10-07 16:02:29] Текст ошибки: Страница не найдена | Файл: D:\OSPanel\domains\new-ishop.loc\vendor\wfm\Router.php | Строка: 67
=================
[2023-10-07 16:02:31] Текст ошибки: Страница не найдена | Файл: D:\OSPanel\domains\new-ishop.loc\vendor\wfm\Router.php | Строка: 67
=================
[2023-10-07 16:02:31] Текст ошибки: Страница не найдена | Файл: D:\OSPanel\domains\new-ishop.loc\vendor\wfm\Router.php | Строка: 67
=================
[2023-10-07 16:02:31] Текст ошибки: Страница не найдена | Файл: D:\OSPanel\domains\new-ishop.loc\vendor\wfm\Router.php | Строка: 67
=================
[2023-10-07 16:02:39] Текст ошибки: Страница не найдена | Файл: D:\OSPanel\domains\new-ishop.loc\vendor\wfm\Router.php | Строка: 67
=================
[2023-10-07 16:02:39] Текст ошибки: Страница не найдена | Файл: D:\OSPanel\domains\new-ishop.loc\vendor\wfm\Router.php | Строка: 67
=================
[2023-10-07 16:02:39] Текст ошибки: Страница не найдена | Файл: D:\OSPanel\domains\new-ishop.loc\vendor\wfm\Router.php | Строка: 67
=================
[2023-10-07 16:03:22] Текст ошибки: Страница не найдена | Файл: D:\OSPanel\domains\new-ishop.loc\vendor\wfm\Router.php | Строка: 67
=================
[2023-10-07 16:03:22] Текст ошибки: Страница не найдена | Файл: D:\OSPanel\domains\new-ishop.loc\vendor\wfm\Router.php | Строка: 67
=================
[2023-10-07 16:03:22] Текст ошибки: Страница не найдена | Файл: D:\OSPanel\domains\new-ishop.loc\vendor\wfm\Router.php | Строка: 67
=================
[2023-10-07 16:03:29] Текст ошибки: Страница не найдена | Файл: D:\OSPanel\domains\new-ishop.loc\vendor\wfm\Router.php | Строка: 67
=================
[2023-10-07 16:03:29] Текст ошибки: Страница не найдена | Файл: D:\OSPanel\domains\new-ishop.loc\vendor\wfm\Router.php | Строка: 67
=================
[2023-10-07 16:03:29] Текст ошибки: Страница не найдена | Файл: D:\OSPanel\domains\new-ishop.loc\vendor\wfm\Router.php | Строка: 67
=================
[2023-10-07 16:04:26] Текст ошибки: Страница не найдена | Файл: D:\OSPanel\domains\new-ishop.loc\vendor\wfm\Router.php | Строка: 67
=================
[2023-10-07 16:04:26] Текст ошибки: Страница не найдена | Файл: D:\OSPanel\domains\new-ishop.loc\vendor\wfm\Router.php | Строка: 67
=================
[2023-10-07 16:04:26] Текст ошибки: Страница не найдена | Файл: D:\OSPanel\domains\new-ishop.loc\vendor\wfm\Router.php | Строка: 67
=================
[2023-10-07 16:04:41] Текст ошибки: Страница не найдена | Файл: D:\OSPanel\domains\new-ishop.loc\vendor\wfm\Router.php | Строка: 67
=================
[2023-10-07 16:04:41] Текст ошибки: Страница не найдена | Файл: D:\OSPanel\domains\new-ishop.loc\vendor\wfm\Router.php | Строка: 67
=================
[2023-10-07 16:04:41] Текст ошибки: Страница не найдена | Файл: D:\OSPanel\domains\new-ishop.loc\vendor\wfm\Router.php | Строка: 67
=================
[2023-10-07 16:05:05] Текст ошибки: Страница не найдена | Файл: D:\OSPanel\domains\new-ishop.loc\vendor\wfm\Router.php | Строка: 67
=================
[2023-10-07 16:05:05] Текст ошибки: Страница не найдена | Файл: D:\OSPanel\domains\new-ishop.loc\vendor\wfm\Router.php | Строка: 67
=================
[2023-10-07 16:05:05] Текст ошибки: Страница не найдена | Файл: D:\OSPanel\domains\new-ishop.loc\vendor\wfm\Router.php | Строка: 67
=================
[2023-10-07 16:06:43] Текст ошибки: Страница не найдена | Файл: D:\OSPanel\domains\new-ishop.loc\vendor\wfm\Router.php | Строка: 67
=================
[2023-10-07 16:06:43] Текст ошибки: Страница не найдена | Файл: D:\OSPanel\domains\new-ishop.loc\vendor\wfm\Router.php | Строка: 67
=================
[2023-10-07 16:06:43] Текст ошибки: Страница не найдена | Файл: D:\OSPanel\domains\new-ishop.loc\vendor\wfm\Router.php | Строка: 67
=================
[2023-10-07 16:12:47] Текст ошибки: Страница не найдена | Файл: D:\OSPanel\domains\new-ishop.loc\vendor\wfm\Router.php | Строка: 67
=================
[2023-10-07 16:12:47] Текст ошибки: Страница не найдена | Файл: D:\OSPanel\domains\new-ishop.loc\vendor\wfm\Router.php | Строка: 67
=================
[2023-10-07 16:12:47] Текст ошибки: Страница не найдена | Файл: D:\OSPanel\domains\new-ishop.loc\vendor\wfm\Router.php | Строка: 67
=================
[2023-10-07 16:13:31] Текст ошибки: Attempt to read property "img" on array | Файл: D:\OSPanel\domains\new-ishop.loc\app\views\Main\index.php | Строка: 4
=================
[2023-10-07 16:13:50] Текст ошибки: Undefined array key 0 | Файл: D:\OSPanel\domains\new-ishop.loc\app\views\Main\index.php | Строка: 4
=================
[2023-10-07 16:13:50] Текст ошибки: Undefined array key 0 | Файл: D:\OSPanel\domains\new-ishop.loc\app\views\Main\index.php | Строка: 4
=================
[2023-10-07 16:13:56] Текст ошибки: Страница не найдена | Файл: D:\OSPanel\domains\new-ishop.loc\vendor\wfm\Router.php | Строка: 67
=================
[2023-10-07 16:13:56] Текст ошибки: Страница не найдена | Файл: D:\OSPanel\domains\new-ishop.loc\vendor\wfm\Router.php | Строка: 67
=================
[2023-10-07 16:13:57] Текст ошибки: Страница не найдена | Файл: D:\OSPanel\domains\new-ishop.loc\vendor\wfm\Router.php | Строка: 67
=================
[2023-10-07 16:14:58] Текст ошибки: syntax error, unexpected token "<" | Файл: D:\OSPanel\domains\new-ishop.loc\app\views\Main\index.php | Строка: 5
=================
[2023-10-07 16:15:48] Текст ошибки: syntax error, unexpected token "<" | Файл: D:\OSPanel\domains\new-ishop.loc\app\views\Main\index.php | Строка: 5
=================
[2023-10-07 16:16:21] Текст ошибки: Страница не найдена | Файл: D:\OSPanel\domains\new-ishop.loc\vendor\wfm\Router.php | Строка: 67
=================
[2023-10-07 16:16:21] Текст ошибки: Страница не найдена | Файл: D:\OSPanel\domains\new-ishop.loc\vendor\wfm\Router.php | Строка: 67
=================
[2023-10-07 16:16:21] Текст ошибки: Страница не найдена | Файл: D:\OSPanel\domains\new-ishop.loc\vendor\wfm\Router.php | Строка: 67
=================
[2023-10-07 16:16:40] Текст ошибки: Страница не найдена | Файл: D:\OSPanel\domains\new-ishop.loc\vendor\wfm\Router.php | Строка: 67
=================
[2023-10-07 16:16:40] Текст ошибки: Страница не найдена | Файл: D:\OSPanel\domains\new-ishop.loc\vendor\wfm\Router.php | Строка: 67
=================
[2023-10-07 16:16:40] Текст ошибки: Страница не найдена | Файл: D:\OSPanel\domains\new-ishop.loc\vendor\wfm\Router.php | Строка: 67
=================
[2023-10-07 16:16:40] Текст ошибки: Страница не найдена | Файл: D:\OSPanel\domains\new-ishop.loc\vendor\wfm\Router.php | Строка: 67
=================
[2023-10-07 16:18:53] Текст ошибки: Страница не найдена | Файл: D:\OSPanel\domains\new-ishop.loc\vendor\wfm\Router.php | Строка: 67
=================
[2023-10-07 16:18:53] Текст ошибки: Страница не найдена | Файл: D:\OSPanel\domains\new-ishop.loc\vendor\wfm\Router.php | Строка: 67
=================
[2023-10-07 16:18:53] Текст ошибки: Страница не найдена | Файл: D:\OSPanel\domains\new-ishop.loc\vendor\wfm\Router.php | Строка: 67
=================
[2023-10-07 16:21:21] Текст ошибки: Страница не найдена | Файл: D:\OSPanel\domains\new-ishop.loc\vendor\wfm\Router.php | Строка: 67
=================
[2023-10-07 16:21:21] Текст ошибки: Страница не найдена | Файл: D:\OSPanel\domains\new-ishop.loc\vendor\wfm\Router.php | Строка: 67
=================
[2023-10-07 16:21:21] Текст ошибки: Страница не найдена | Файл: D:\OSPanel\domains\new-ishop.loc\vendor\wfm\Router.php | Строка: 67
=================
[2023-10-07 16:21:21] Текст ошибки: Страница не найдена | Файл: D:\OSPanel\domains\new-ishop.loc\vendor\wfm\Router.php | Строка: 67
=================
[2023-10-07 16:21:21] Текст ошибки: Страница не найдена | Файл: D:\OSPanel\domains\new-ishop.loc\vendor\wfm\Router.php | Строка: 67
=================
[2023-10-07 16:21:21] Текст ошибки: Страница не найдена | Файл: D:\OSPanel\domains\new-ishop.loc\vendor\wfm\Router.php | Строка: 67
=================
[2023-10-07 16:21:22] Текст ошибки: Страница не найдена | Файл: D:\OSPanel\domains\new-ishop.loc\vendor\wfm\Router.php | Строка: 67
=================
[2023-10-07 16:21:22] Текст ошибки: Страница не найдена | Файл: D:\OSPanel\domains\new-ishop.loc\vendor\wfm\Router.php | Строка: 67
=================
[2023-10-07 16:21:22] Текст ошибки: Страница не найдена | Файл: D:\OSPanel\domains\new-ishop.loc\vendor\wfm\Router.php | Строка: 67
=================
[2023-10-07 16:21:22] Текст ошибки: Страница не найдена | Файл: D:\OSPanel\domains\new-ishop.loc\vendor\wfm\Router.php | Строка: 67
=================
[2023-10-07 16:21:22] Текст ошибки: Страница не найдена | Файл: D:\OSPanel\domains\new-ishop.loc\vendor\wfm\Router.php | Строка: 67
=================
[2023-10-07 16:21:22] Текст ошибки: Страница не найдена | Файл: D:\OSPanel\domains\new-ishop.loc\vendor\wfm\Router.php | Строка: 67
=================
[2023-10-07 16:24:14] Текст ошибки: Страница не найдена | Файл: D:\OSPanel\domains\new-ishop.loc\vendor\wfm\Router.php | Строка: 67
=================
[2023-10-07 16:24:14] Текст ошибки: Страница не найдена | Файл: D:\OSPanel\domains\new-ishop.loc\vendor\wfm\Router.php | Строка: 67
=================
[2023-10-07 16:24:14] Текст ошибки: Страница не найдена | Файл: D:\OSPanel\domains\new-ishop.loc\vendor\wfm\Router.php | Строка: 67
=================
[2023-10-07 16:24:16] Текст ошибки: Страница не найдена | Файл: D:\OSPanel\domains\new-ishop.loc\vendor\wfm\Router.php | Строка: 67
=================
[2023-10-07 16:24:16] Текст ошибки: Страница не найдена | Файл: D:\OSPanel\domains\new-ishop.loc\vendor\wfm\Router.php | Строка: 67
=================
[2023-10-07 16:24:16] Текст ошибки: Страница не найдена | Файл: D:\OSPanel\domains\new-ishop.loc\vendor\wfm\Router.php | Строка: 67
=================
[2023-10-07 16:24:18] Текст ошибки: Страница не найдена | Файл: D:\OSPanel\domains\new-ishop.loc\vendor\wfm\Router.php | Строка: 67
=================
[2023-10-07 16:24:18] Текст ошибки: Страница не найдена | Файл: D:\OSPanel\domains\new-ishop.loc\vendor\wfm\Router.php | Строка: 67
=================
[2023-10-07 16:24:18] Текст ошибки: Страница не найдена | Файл: D:\OSPanel\domains\new-ishop.loc\vendor\wfm\Router.php | Строка: 67
=================
[2023-10-07 16:24:19] Текст ошибки: Страница не найдена | Файл: D:\OSPanel\domains\new-ishop.loc\vendor\wfm\Router.php | Строка: 67
=================
[2023-10-07 16:24:19] Текст ошибки: Страница не найдена | Файл: D:\OSPanel\domains\new-ishop.loc\vendor\wfm\Router.php | Строка: 67
=================
[2023-10-07 16:24:19] Текст ошибки: Страница не найдена | Файл: D:\OSPanel\domains\new-ishop.loc\vendor\wfm\Router.php | Строка: 67
=================
[2023-10-07 16:24:19] Текст ошибки: Страница не найдена | Файл: D:\OSPanel\domains\new-ishop.loc\vendor\wfm\Router.php | Строка: 67
=================
[2023-10-07 16:24:19] Текст ошибки: Страница не найдена | Файл: D:\OSPanel\domains\new-ishop.loc\vendor\wfm\Router.php | Строка: 67
=================
[2023-10-07 16:24:19] Текст ошибки: Страница не найдена | Файл: D:\OSPanel\domains\new-ishop.loc\vendor\wfm\Router.php | Строка: 67
=================
[2023-10-07 16:25:22] Текст ошибки: Страница не найдена | Файл: D:\OSPanel\domains\new-ishop.loc\vendor\wfm\Router.php | Строка: 67
=================
[2023-10-07 16:26:56] Текст ошибки: Страница не найдена | Файл: D:\OSPanel\domains\new-ishop.loc\vendor\wfm\Router.php | Строка: 67
=================
[2023-10-07 16:26:56] Текст ошибки: Страница не найдена | Файл: D:\OSPanel\domains\new-ishop.loc\vendor\wfm\Router.php | Строка: 67
=================
[2023-10-07 16:26:56] Текст ошибки: Страница не найдена | Файл: D:\OSPanel\domains\new-ishop.loc\vendor\wfm\Router.php | Строка: 67
=================
[2023-10-07 16:26:57] Текст ошибки: Страница не найдена | Файл: D:\OSPanel\domains\new-ishop.loc\vendor\wfm\Router.php | Строка: 67
=================
[2023-10-07 16:26:57] Текст ошибки: Страница не найдена | Файл: D:\OSPanel\domains\new-ishop.loc\vendor\wfm\Router.php | Строка: 67
=================
[2023-10-07 16:26:57] Текст ошибки: Страница не найдена | Файл: D:\OSPanel\domains\new-ishop.loc\vendor\wfm\Router.php | Строка: 67
=================
[2023-10-07 16:52:17] Текст ошибки: Страница не найдена | Файл: D:\OSPanel\domains\new-ishop.loc\vendor\wfm\Router.php | Строка: 67
=================
[2023-10-07 16:52:17] Текст ошибки: Страница не найдена | Файл: D:\OSPanel\domains\new-ishop.loc\vendor\wfm\Router.php | Строка: 67
=================
[2023-10-07 16:52:17] Текст ошибки: Страница не найдена | Файл: D:\OSPanel\domains\new-ishop.loc\vendor\wfm\Router.php | Строка: 67
=================
[2023-10-07 16:52:24] Текст ошибки: Страница не найдена | Файл: D:\OSPanel\domains\new-ishop.loc\vendor\wfm\Router.php | Строка: 67
=================
[2023-10-07 16:52:24] Текст ошибки: Страница не найдена | Файл: D:\OSPanel\domains\new-ishop.loc\vendor\wfm\Router.php | Строка: 67
=================
[2023-10-07 16:52:24] Текст ошибки: Страница не найдена | Файл: D:\OSPanel\domains\new-ishop.loc\vendor\wfm\Router.php | Строка: 67
=================
[2023-10-07 16:54:13] Текст ошибки: Страница не найдена | Файл: D:\OSPanel\domains\new-ishop.loc\vendor\wfm\Router.php | Строка: 67
=================
[2023-10-07 16:54:13] Текст ошибки: Страница не найдена | Файл: D:\OSPanel\domains\new-ishop.loc\vendor\wfm\Router.php | Строка: 67
=================
[2023-10-07 16:54:13] Текст ошибки: Страница не найдена | Файл: D:\OSPanel\domains\new-ishop.loc\vendor\wfm\Router.php | Строка: 67
=================
[2023-10-08 00:06:28] Текст ошибки: Страница не найдена | Файл: D:\OSPanel\domains\new-ishop.loc\vendor\wfm\Router.php | Строка: 67
=================
[2023-10-08 00:06:47] Текст ошибки: Страница не найдена | Файл: D:\OSPanel\domains\new-ishop.loc\vendor\wfm\Router.php | Строка: 67
=================
[2023-10-08 00:06:47] Текст ошибки: Страница не найдена | Файл: D:\OSPanel\domains\new-ishop.loc\vendor\wfm\Router.php | Строка: 67
=================
[2023-10-08 00:08:00] Текст ошибки: Страница не найдена | Файл: D:\OSPanel\domains\new-ishop.loc\vendor\wfm\Router.php | Строка: 67
=================
[2023-10-08 00:08:00] Текст ошибки: Страница не найдена | Файл: D:\OSPanel\domains\new-ishop.loc\vendor\wfm\Router.php | Строка: 67
=================
[2023-10-08 00:08:01] Текст ошибки: Страница не найдена | Файл: D:\OSPanel\domains\new-ishop.loc\vendor\wfm\Router.php | Строка: 67
=================
[2023-10-08 00:08:01] Текст ошибки: Страница не найдена | Файл: D:\OSPanel\domains\new-ishop.loc\vendor\wfm\Router.php | Строка: 67
=================
[2023-10-08 00:08:34] Текст ошибки: Страница не найдена | Файл: D:\OSPanel\domains\new-ishop.loc\vendor\wfm\Router.php | Строка: 67
=================
[2023-10-08 00:08:34] Текст ошибки: Страница не найдена | Файл: D:\OSPanel\domains\new-ishop.loc\vendor\wfm\Router.php | Строка: 67
=================
[2023-10-08 00:08:35] Текст ошибки: Страница не найдена | Файл: D:\OSPanel\domains\new-ishop.loc\vendor\wfm\Router.php | Строка: 67
=================
[2023-10-08 00:08:35] Текст ошибки: Страница не найдена | Файл: D:\OSPanel\domains\new-ishop.loc\vendor\wfm\Router.php | Строка: 67
=================
[2023-10-08 11:29:24] Текст ошибки: Страница не найдена | Файл: D:\OSPanel\domains\new-ishop.loc\vendor\wfm\Router.php | Строка: 67
=================
[2023-10-08 11:50:52] Текст ошибки: Страница не найдена | Файл: D:\OSPanel\domains\new-ishop.loc\vendor\wfm\Router.php | Строка: 67
=================
[2023-10-08 12:15:07] Текст ошибки: Страница не найдена | Файл: D:\OSPanel\domains\new-ishop.loc\vendor\wfm\Router.php | Строка: 67
=================
[2023-10-08 12:15:07] Текст ошибки: Страница не найдена | Файл: D:\OSPanel\domains\new-ishop.loc\vendor\wfm\Router.php | Строка: 67
=================
[2023-10-08 12:15:07] Текст ошибки: Страница не найдена | Файл: D:\OSPanel\domains\new-ishop.loc\vendor\wfm\Router.php | Строка: 67
=================
[2023-10-08 12:15:07] Текст ошибки: Страница не найдена | Файл: D:\OSPanel\domains\new-ishop.loc\vendor\wfm\Router.php | Строка: 67
=================
[2023-10-08 12:15:07] Текст ошибки: Страница не найдена | Файл: D:\OSPanel\domains\new-ishop.loc\vendor\wfm\Router.php | Строка: 67
=================
[2023-10-08 12:15:12] Текст ошибки: Страница не найдена | Файл: D:\OSPanel\domains\new-ishop.loc\vendor\wfm\Router.php | Строка: 67
=================
[2023-10-08 12:15:12] Текст ошибки: Страница не найдена | Файл: D:\OSPanel\domains\new-ishop.loc\vendor\wfm\Router.php | Строка: 67
=================
[2023-10-08 12:15:12] Текст ошибки: Страница не найдена | Файл: D:\OSPanel\domains\new-ishop.loc\vendor\wfm\Router.php | Строка: 67
=================
[2023-10-08 12:15:12] Текст ошибки: Страница не найдена | Файл: D:\OSPanel\domains\new-ishop.loc\vendor\wfm\Router.php | Строка: 67
=================
[2023-10-08 12:26:21] Текст ошибки: Class "app\widgets\language\Language" not found | Файл: D:\OSPanel\domains\new-ishop.loc\app\controllers\AppController.php | Строка: 20
=================
[2023-10-08 12:26:35] Текст ошибки: Страница не найдена | Файл: D:\OSPanel\domains\new-ishop.loc\vendor\wfm\Router.php | Строка: 67
=================
[2023-10-08 12:26:35] Текст ошибки: Страница не найдена | Файл: D:\OSPanel\domains\new-ishop.loc\vendor\wfm\Router.php | Строка: 67
=================
[2023-10-08 12:26:35] Текст ошибки: Страница не найдена | Файл: D:\OSPanel\domains\new-ishop.loc\vendor\wfm\Router.php | Строка: 67
=================
[2023-10-08 12:26:35] Текст ошибки: Страница не найдена | Файл: D:\OSPanel\domains\new-ishop.loc\vendor\wfm\Router.php | Строка: 67
=================
[2023-10-08 12:26:35] Текст ошибки: Страница не найдена | Файл: D:\OSPanel\domains\new-ishop.loc\vendor\wfm\Router.php | Строка: 67
=================
[2023-10-08 13:17:17] Текст ошибки: Страница не найдена | Файл: D:\OSPanel\domains\new-ishop.loc\vendor\wfm\Router.php | Строка: 67
=================
[2023-10-08 13:19:35] Текст ошибки: Страница не найдена | Файл: D:\OSPanel\domains\new-ishop.loc\vendor\wfm\Router.php | Строка: 67
=================
[2023-10-08 13:19:35] Текст ошибки: Страница не найдена | Файл: D:\OSPanel\domains\new-ishop.loc\vendor\wfm\Router.php | Строка: 67
=================
[2023-10-08 13:19:35] Текст ошибки: Страница не найдена | Файл: D:\OSPanel\domains\new-ishop.loc\vendor\wfm\Router.php | Строка: 67
=================
[2023-10-08 13:19:35] Текст ошибки: Страница не найдена | Файл: D:\OSPanel\domains\new-ishop.loc\vendor\wfm\Router.php | Строка: 67
=================
[2023-10-08 13:19:35] Текст ошибки: Страница не найдена | Файл: D:\OSPanel\domains\new-ishop.loc\vendor\wfm\Router.php | Строка: 67
=================
[2023-10-08 13:21:05] Текст ошибки: Страница не найдена | Файл: D:\OSPanel\domains\new-ishop.loc\vendor\wfm\Router.php | Строка: 68
=================
[2023-10-08 13:21:05] Текст ошибки: Страница не найдена | Файл: D:\OSPanel\domains\new-ishop.loc\vendor\wfm\Router.php | Строка: 68
=================
[2023-10-08 13:21:05] Текст ошибки: Страница не найдена | Файл: D:\OSPanel\domains\new-ishop.loc\vendor\wfm\Router.php | Строка: 68
=================
[2023-10-08 13:21:05] Текст ошибки: Страница не найдена | Файл: D:\OSPanel\domains\new-ishop.loc\vendor\wfm\Router.php | Строка: 68
=================
[2023-10-08 13:21:05] Текст ошибки: Страница не найдена | Файл: D:\OSPanel\domains\new-ishop.loc\vendor\wfm\Router.php | Строка: 68
=================
[2023-10-08 13:27:01] Текст ошибки: Страница не найдена | Файл: D:\OSPanel\domains\new-ishop.loc\vendor\wfm\Router.php | Строка: 71
=================
[2023-10-08 13:27:01] Текст ошибки: Страница не найдена | Файл: D:\OSPanel\domains\new-ishop.loc\vendor\wfm\Router.php | Строка: 71
=================
[2023-10-08 13:27:01] Текст ошибки: Страница не найдена | Файл: D:\OSPanel\domains\new-ishop.loc\vendor\wfm\Router.php | Строка: 71
=================
[2023-10-08 13:27:01] Текст ошибки: Страница не найдена | Файл: D:\OSPanel\domains\new-ishop.loc\vendor\wfm\Router.php | Строка: 71
=================
[2023-10-08 13:27:01] Текст ошибки: Страница не найдена | Файл: D:\OSPanel\domains\new-ishop.loc\vendor\wfm\Router.php | Строка: 71
=================
[2023-10-08 13:27:02] Текст ошибки: Страница не найдена | Файл: D:\OSPanel\domains\new-ishop.loc\vendor\wfm\Router.php | Строка: 71
=================
[2023-10-08 13:27:02] Текст ошибки: Страница не найдена | Файл: D:\OSPanel\domains\new-ishop.loc\vendor\wfm\Router.php | Строка: 71
=================
[2023-10-08 13:27:02] Текст ошибки: Страница не найдена | Файл: D:\OSPanel\domains\new-ishop.loc\vendor\wfm\Router.php | Строка: 71
=================
[2023-10-08 13:27:02] Текст ошибки: Страница не найдена | Файл: D:\OSPanel\domains\new-ishop.loc\vendor\wfm\Router.php | Строка: 71
=================
[2023-10-08 13:27:02] Текст ошибки: Страница не найдена | Файл: D:\OSPanel\domains\new-ishop.loc\vendor\wfm\Router.php | Строка: 71
=================
[2023-10-08 13:27:14] Текст ошибки: Страница не найдена | Файл: D:\OSPanel\domains\new-ishop.loc\vendor\wfm\Router.php | Строка: 71
=================
[2023-10-08 13:27:14] Текст ошибки: Страница не найдена | Файл: D:\OSPanel\domains\new-ishop.loc\vendor\wfm\Router.php | Строка: 71
=================
[2023-10-08 13:27:14] Текст ошибки: Страница не найдена | Файл: D:\OSPanel\domains\new-ishop.loc\vendor\wfm\Router.php | Строка: 71
=================
[2023-10-08 13:27:14] Текст ошибки: Страница не найдена | Файл: D:\OSPanel\domains\new-ishop.loc\vendor\wfm\Router.php | Строка: 71
=================
[2023-10-08 13:27:14] Текст ошибки: Страница не найдена | Файл: D:\OSPanel\domains\new-ishop.loc\vendor\wfm\Router.php | Строка: 71
=================
[2023-10-08 13:27:14] Текст ошибки: Страница не найдена | Файл: D:\OSPanel\domains\new-ishop.loc\vendor\wfm\Router.php | Строка: 71
=================
[2023-10-08 13:27:14] Текст ошибки: Страница не найдена | Файл: D:\OSPanel\domains\new-ishop.loc\vendor\wfm\Router.php | Строка: 71
=================
[2023-10-08 13:27:14] Текст ошибки: Страница не найдена | Файл: D:\OSPanel\domains\new-ishop.loc\vendor\wfm\Router.php | Строка: 71
=================
[2023-10-08 13:27:14] Текст ошибки: Страница не найдена | Файл: D:\OSPanel\domains\new-ishop.loc\vendor\wfm\Router.php | Строка: 71
=================
[2023-10-08 13:27:15] Текст ошибки: Страница не найдена | Файл: D:\OSPanel\domains\new-ishop.loc\vendor\wfm\Router.php | Строка: 71
=================
[2023-10-08 13:27:15] Текст ошибки: Страница не найдена | Файл: D:\OSPanel\domains\new-ishop.loc\vendor\wfm\Router.php | Строка: 71
=================
[2023-10-08 13:27:15] Текст ошибки: Страница не найдена | Файл: D:\OSPanel\domains\new-ishop.loc\vendor\wfm\Router.php | Строка: 71
=================
[2023-10-08 13:27:15] Текст ошибки: Страница не найдена | Файл: D:\OSPanel\domains\new-ishop.loc\vendor\wfm\Router.php | Строка: 71
=================
[2023-10-08 13:27:15] Текст ошибки: Страница не найдена | Файл: D:\OSPanel\domains\new-ishop.loc\vendor\wfm\Router.php | Строка: 71
=================
[2023-10-08 13:27:15] Текст ошибки: Страница не найдена | Файл: D:\OSPanel\domains\new-ishop.loc\vendor\wfm\Router.php | Строка: 71
=================
[2023-10-08 13:27:15] Текст ошибки: Страница не найдена | Файл: D:\OSPanel\domains\new-ishop.loc\vendor\wfm\Router.php | Строка: 71
=================
[2023-10-08 13:27:15] Текст ошибки: Страница не найдена | Файл: D:\OSPanel\domains\new-ishop.loc\vendor\wfm\Router.php | Строка: 71
=================
[2023-10-08 13:27:15] Текст ошибки: Страница не найдена | Файл: D:\OSPanel\domains\new-ishop.loc\vendor\wfm\Router.php | Строка: 71
=================
[2023-10-08 13:27:15] Текст ошибки: Страница не найдена | Файл: D:\OSPanel\domains\new-ishop.loc\vendor\wfm\Router.php | Строка: 71
=================
[2023-10-08 13:27:15] Текст ошибки: Страница не найдена | Файл: D:\OSPanel\domains\new-ishop.loc\vendor\wfm\Router.php | Строка: 71
=================
[2023-10-08 13:27:15] Текст ошибки: Страница не найдена | Файл: D:\OSPanel\domains\new-ishop.loc\vendor\wfm\Router.php | Строка: 71
=================
[2023-10-08 13:27:15] Текст ошибки: Страница не найдена | Файл: D:\OSPanel\domains\new-ishop.loc\vendor\wfm\Router.php | Строка: 71
=================
[2023-10-08 13:27:15] Текст ошибки: Страница не найдена | Файл: D:\OSPanel\domains\new-ishop.loc\vendor\wfm\Router.php | Строка: 71
=================
[2023-10-08 13:27:15] Текст ошибки: Страница не найдена | Файл: D:\OSPanel\domains\new-ishop.loc\vendor\wfm\Router.php | Строка: 71
=================
[2023-10-08 13:27:15] Текст ошибки: Страница не найдена | Файл: D:\OSPanel\domains\new-ishop.loc\vendor\wfm\Router.php | Строка: 71
=================
[2023-10-08 13:27:15] Текст ошибки: Страница не найдена | Файл: D:\OSPanel\domains\new-ishop.loc\vendor\wfm\Router.php | Строка: 71
=================
[2023-10-08 13:27:15] Текст ошибки: Страница не найдена | Файл: D:\OSPanel\domains\new-ishop.loc\vendor\wfm\Router.php | Строка: 71
=================
[2023-10-08 13:27:15] Текст ошибки: Страница не найдена | Файл: D:\OSPanel\domains\new-ishop.loc\vendor\wfm\Router.php | Строка: 71
=================
[2023-10-08 13:27:15] Текст ошибки: Страница не найдена | Файл: D:\OSPanel\domains\new-ishop.loc\vendor\wfm\Router.php | Строка: 71
=================
[2023-10-08 13:27:15] Текст ошибки: Страница не найдена | Файл: D:\OSPanel\domains\new-ishop.loc\vendor\wfm\Router.php | Строка: 71
=================
[2023-10-08 13:27:16] Текст ошибки: Страница не найдена | Файл: D:\OSPanel\domains\new-ishop.loc\vendor\wfm\Router.php | Строка: 71
=================
[2023-10-08 13:27:16] Текст ошибки: Страница не найдена | Файл: D:\OSPanel\domains\new-ishop.loc\vendor\wfm\Router.php | Строка: 71
=================
[2023-10-08 13:27:16] Текст ошибки: Страница не найдена | Файл: D:\OSPanel\domains\new-ishop.loc\vendor\wfm\Router.php | Строка: 71
=================
[2023-10-08 13:27:16] Текст ошибки: Страница не найдена | Файл: D:\OSPanel\domains\new-ishop.loc\vendor\wfm\Router.php | Строка: 71
=================
[2023-10-08 13:27:16] Текст ошибки: Страница не найдена | Файл: D:\OSPanel\domains\new-ishop.loc\vendor\wfm\Router.php | Строка: 71
=================
[2023-10-08 13:27:16] Текст ошибки: Страница не найдена | Файл: D:\OSPanel\domains\new-ishop.loc\vendor\wfm\Router.php | Строка: 71
=================
[2023-10-08 13:27:16] Текст ошибки: Страница не найдена | Файл: D:\OSPanel\domains\new-ishop.loc\vendor\wfm\Router.php | Строка: 71
=================
[2023-10-08 13:27:16] Текст ошибки: Страница не найдена | Файл: D:\OSPanel\domains\new-ishop.loc\vendor\wfm\Router.php | Строка: 71
=================
[2023-10-08 13:27:16] Текст ошибки: Страница не найдена | Файл: D:\OSPanel\domains\new-ishop.loc\vendor\wfm\Router.php | Строка: 71
=================
[2023-10-08 13:27:16] Текст ошибки: Страница не найдена | Файл: D:\OSPanel\domains\new-ishop.loc\vendor\wfm\Router.php | Строка: 71
=================
[2023-10-08 13:27:16] Текст ошибки: Страница не найдена | Файл: D:\OSPanel\domains\new-ishop.loc\vendor\wfm\Router.php | Строка: 71
=================
[2023-10-08 13:27:16] Текст ошибки: Страница не найдена | Файл: D:\OSPanel\domains\new-ishop.loc\vendor\wfm\Router.php | Строка: 71
=================
[2023-10-08 13:27:16] Текст ошибки: Страница не найдена | Файл: D:\OSPanel\domains\new-ishop.loc\vendor\wfm\Router.php | Строка: 71
=================
[2023-10-08 13:27:16] Текст ошибки: Страница не найдена | Файл: D:\OSPanel\domains\new-ishop.loc\vendor\wfm\Router.php | Строка: 71
=================
[2023-10-08 13:27:17] Текст ошибки: Страница не найдена | Файл: D:\OSPanel\domains\new-ishop.loc\vendor\wfm\Router.php | Строка: 71
=================
[2023-10-08 13:27:17] Текст ошибки: Страница не найдена | Файл: D:\OSPanel\domains\new-ishop.loc\vendor\wfm\Router.php | Строка: 71
=================
[2023-10-08 13:27:17] Текст ошибки: Страница не найдена | Файл: D:\OSPanel\domains\new-ishop.loc\vendor\wfm\Router.php | Строка: 71
=================
[2023-10-08 13:27:17] Текст ошибки: Страница не найдена | Файл: D:\OSPanel\domains\new-ishop.loc\vendor\wfm\Router.php | Строка: 71
=================
[2023-10-08 13:27:17] Текст ошибки: Страница не найдена | Файл: D:\OSPanel\domains\new-ishop.loc\vendor\wfm\Router.php | Строка: 71
=================
[2023-10-08 13:27:17] Текст ошибки: Страница не найдена | Файл: D:\OSPanel\domains\new-ishop.loc\vendor\wfm\Router.php | Строка: 71
=================
[2023-10-08 13:27:17] Текст ошибки: Страница не найдена | Файл: D:\OSPanel\domains\new-ishop.loc\vendor\wfm\Router.php | Строка: 71
=================
[2023-10-08 13:27:17] Текст ошибки: Страница не найдена | Файл: D:\OSPanel\domains\new-ishop.loc\vendor\wfm\Router.php | Строка: 71
=================
[2023-10-08 13:27:17] Текст ошибки: Страница не найдена | Файл: D:\OSPanel\domains\new-ishop.loc\vendor\wfm\Router.php | Строка: 71
=================
[2023-10-08 13:27:17] Текст ошибки: Страница не найдена | Файл: D:\OSPanel\domains\new-ishop.loc\vendor\wfm\Router.php | Строка: 71
=================
[2023-10-08 13:27:17] Текст ошибки: Страница не найдена | Файл: D:\OSPanel\domains\new-ishop.loc\vendor\wfm\Router.php | Строка: 71
=================
[2023-10-08 13:27:17] Текст ошибки: Страница не найдена | Файл: D:\OSPanel\domains\new-ishop.loc\vendor\wfm\Router.php | Строка: 71
=================
[2023-10-08 13:27:17] Текст ошибки: Страница не найдена | Файл: D:\OSPanel\domains\new-ishop.loc\vendor\wfm\Router.php | Строка: 71
=================
[2023-10-08 13:27:17] Текст ошибки: Страница не найдена | Файл: D:\OSPanel\domains\new-ishop.loc\vendor\wfm\Router.php | Строка: 71
=================
[2023-10-08 13:49:23] Текст ошибки: Страница не найдена | Файл: D:\OSPanel\domains\new-ishop.loc\vendor\wfm\Router.php | Строка: 71
=================
[2023-10-08 13:49:23] Текст ошибки: Страница не найдена | Файл: D:\OSPanel\domains\new-ishop.loc\vendor\wfm\Router.php | Строка: 71
=================
[2023-10-08 13:49:23] Текст ошибки: Страница не найдена | Файл: D:\OSPanel\domains\new-ishop.loc\vendor\wfm\Router.php | Строка: 71
=================
[2023-10-08 13:49:23] Текст ошибки: Страница не найдена | Файл: D:\OSPanel\domains\new-ishop.loc\vendor\wfm\Router.php | Строка: 71
=================
[2023-10-08 13:49:23] Текст ошибки: Страница не найдена | Файл: D:\OSPanel\domains\new-ishop.loc\vendor\wfm\Router.php | Строка: 71
=================
[2023-10-08 13:50:46] Текст ошибки: Страница не найдена | Файл: D:\OSPanel\domains\new-ishop.loc\vendor\wfm\Router.php | Строка: 71
=================
[2023-10-08 13:50:46] Текст ошибки: Страница не найдена | Файл: D:\OSPanel\domains\new-ishop.loc\vendor\wfm\Router.php | Строка: 71
=================
[2023-10-08 13:50:46] Текст ошибки: Страница не найдена | Файл: D:\OSPanel\domains\new-ishop.loc\vendor\wfm\Router.php | Строка: 71
=================
[2023-10-08 13:50:46] Текст ошибки: Страница не найдена | Файл: D:\OSPanel\domains\new-ishop.loc\vendor\wfm\Router.php | Строка: 71
=================
[2023-10-08 13:50:51] Текст ошибки: Страница не найдена | Файл: D:\OSPanel\domains\new-ishop.loc\vendor\wfm\Router.php | Строка: 71
=================
[2023-10-08 13:50:51] Текст ошибки: Страница не найдена | Файл: D:\OSPanel\domains\new-ishop.loc\vendor\wfm\Router.php | Строка: 71
=================
[2023-10-08 13:50:51] Текст ошибки: Страница не найдена | Файл: D:\OSPanel\domains\new-ishop.loc\vendor\wfm\Router.php | Строка: 71
=================
[2023-10-08 13:50:51] Текст ошибки: Страница не найдена | Файл: D:\OSPanel\domains\new-ishop.loc\vendor\wfm\Router.php | Строка: 71
=================
[2023-10-08 13:50:51] Текст ошибки: Страница не найдена | Файл: D:\OSPanel\domains\new-ishop.loc\vendor\wfm\Router.php | Строка: 71
=================
[2023-10-08 13:51:39] Текст ошибки: Страница не найдена | Файл: D:\OSPanel\domains\new-ishop.loc\vendor\wfm\Router.php | Строка: 71
=================
[2023-10-08 13:51:39] Текст ошибки: Страница не найдена | Файл: D:\OSPanel\domains\new-ishop.loc\vendor\wfm\Router.php | Строка: 71
=================
[2023-10-08 13:51:39] Текст ошибки: Страница не найдена | Файл: D:\OSPanel\domains\new-ishop.loc\vendor\wfm\Router.php | Строка: 71
=================
[2023-10-08 13:51:39] Текст ошибки: Страница не найдена | Файл: D:\OSPanel\domains\new-ishop.loc\vendor\wfm\Router.php | Строка: 71
=================
[2023-10-08 13:51:39] Текст ошибки: Страница не найдена | Файл: D:\OSPanel\domains\new-ishop.loc\vendor\wfm\Router.php | Строка: 71
=================
[2023-10-08 13:51:40] Текст ошибки: Страница не найдена | Файл: D:\OSPanel\domains\new-ishop.loc\vendor\wfm\Router.php | Строка: 71
=================
[2023-10-08 13:51:40] Текст ошибки: Страница не найдена | Файл: D:\OSPanel\domains\new-ishop.loc\vendor\wfm\Router.php | Строка: 71
=================
[2023-10-08 13:51:40] Текст ошибки: Страница не найдена | Файл: D:\OSPanel\domains\new-ishop.loc\vendor\wfm\Router.php | Строка: 71
=================
[2023-10-08 13:51:40] Текст ошибки: Страница не найдена | Файл: D:\OSPanel\domains\new-ishop.loc\vendor\wfm\Router.php | Строка: 71
=================
[2023-10-08 13:51:41] Текст ошибки: Страница не найдена | Файл: D:\OSPanel\domains\new-ishop.loc\vendor\wfm\Router.php | Строка: 71
=================
[2023-10-08 13:51:41] Текст ошибки: Страница не найдена | Файл: D:\OSPanel\domains\new-ishop.loc\vendor\wfm\Router.php | Строка: 71
=================
[2023-10-08 13:51:41] Текст ошибки: Страница не найдена | Файл: D:\OSPanel\domains\new-ishop.loc\vendor\wfm\Router.php | Строка: 71
=================
[2023-10-08 13:51:41] Текст ошибки: Страница не найдена | Файл: D:\OSPanel\domains\new-ishop.loc\vendor\wfm\Router.php | Строка: 71
=================
[2023-10-08 13:55:01] Текст ошибки: Страница не найдена | Файл: D:\OSPanel\domains\new-ishop.loc\vendor\wfm\Router.php | Строка: 71
=================
[2023-10-08 13:55:01] Текст ошибки: Страница не найдена | Файл: D:\OSPanel\domains\new-ishop.loc\vendor\wfm\Router.php | Строка: 71
=================
[2023-10-08 13:55:01] Текст ошибки: Страница не найдена | Файл: D:\OSPanel\domains\new-ishop.loc\vendor\wfm\Router.php | Строка: 71
=================
[2023-10-08 13:55:01] Текст ошибки: Страница не найдена | Файл: D:\OSPanel\domains\new-ishop.loc\vendor\wfm\Router.php | Строка: 71
=================
[2023-10-08 13:55:01] Текст ошибки: Страница не найдена | Файл: D:\OSPanel\domains\new-ishop.loc\vendor\wfm\Router.php | Строка: 71
=================
[2023-10-08 13:55:13] Текст ошибки: Страница не найдена | Файл: D:\OSPanel\domains\new-ishop.loc\vendor\wfm\Router.php | Строка: 71
=================
[2023-10-08 13:55:13] Текст ошибки: Страница не найдена | Файл: D:\OSPanel\domains\new-ishop.loc\vendor\wfm\Router.php | Строка: 71
=================
[2023-10-08 13:55:13] Текст ошибки: Страница не найдена | Файл: D:\OSPanel\domains\new-ishop.loc\vendor\wfm\Router.php | Строка: 71
=================
[2023-10-08 13:55:13] Текст ошибки: Страница не найдена | Файл: D:\OSPanel\domains\new-ishop.loc\vendor\wfm\Router.php | Строка: 71
=================
[2023-10-08 13:55:14] Текст ошибки: Страница не найдена | Файл: D:\OSPanel\domains\new-ishop.loc\vendor\wfm\Router.php | Строка: 71
=================
[2023-10-08 13:55:14] Текст ошибки: Страница не найдена | Файл: D:\OSPanel\domains\new-ishop.loc\vendor\wfm\Router.php | Строка: 71
=================
[2023-10-08 13:55:14] Текст ошибки: Страница не найдена | Файл: D:\OSPanel\domains\new-ishop.loc\vendor\wfm\Router.php | Строка: 71
=================
[2023-10-08 13:55:14] Текст ошибки: Страница не найдена | Файл: D:\OSPanel\domains\new-ishop.loc\vendor\wfm\Router.php | Строка: 71
=================
[2023-10-08 13:55:14] Текст ошибки: Страница не найдена | Файл: D:\OSPanel\domains\new-ishop.loc\vendor\wfm\Router.php | Строка: 71
=================
[2023-10-08 13:56:13] Текст ошибки: Страница не найдена | Файл: D:\OSPanel\domains\new-ishop.loc\vendor\wfm\Router.php | Строка: 71
=================
[2023-10-08 13:56:13] Текст ошибки: Страница не найдена | Файл: D:\OSPanel\domains\new-ishop.loc\vendor\wfm\Router.php | Строка: 71
=================
[2023-10-08 13:56:13] Текст ошибки: Страница не найдена | Файл: D:\OSPanel\domains\new-ishop.loc\vendor\wfm\Router.php | Строка: 71
=================
[2023-10-08 13:56:13] Текст ошибки: Страница не найдена | Файл: D:\OSPanel\domains\new-ishop.loc\vendor\wfm\Router.php | Строка: 71
=================
[2023-10-08 13:56:13] Текст ошибки: Страница не найдена | Файл: D:\OSPanel\domains\new-ishop.loc\vendor\wfm\Router.php | Строка: 71
=================
[2023-10-08 14:06:54] Текст ошибки: Страница не найдена | Файл: D:\OSPanel\domains\new-ishop.loc\vendor\wfm\Router.php | Строка: 71
=================
[2023-10-08 14:06:54] Текст ошибки: Страница не найдена | Файл: D:\OSPanel\domains\new-ishop.loc\vendor\wfm\Router.php | Строка: 71
=================
[2023-10-08 14:06:54] Текст ошибки: Страница не найдена | Файл: D:\OSPanel\domains\new-ishop.loc\vendor\wfm\Router.php | Строка: 71
=================
[2023-10-08 14:06:54] Текст ошибки: Страница не найдена | Файл: D:\OSPanel\domains\new-ishop.loc\vendor\wfm\Router.php | Строка: 71
=================
[2023-10-08 14:06:54] Текст ошибки: Страница не найдена | Файл: D:\OSPanel\domains\new-ishop.loc\vendor\wfm\Router.php | Строка: 71
=================
[2023-10-08 14:07:00] Текст ошибки: Страница не найдена | Файл: D:\OSPanel\domains\new-ishop.loc\vendor\wfm\Router.php | Строка: 71
=================
[2023-10-08 14:07:00] Текст ошибки: Страница не найдена | Файл: D:\OSPanel\domains\new-ishop.loc\vendor\wfm\Router.php | Строка: 71
=================
[2023-10-08 14:07:00] Текст ошибки: Страница не найдена | Файл: D:\OSPanel\domains\new-ishop.loc\vendor\wfm\Router.php | Строка: 71
=================
[2023-10-08 14:07:00] Текст ошибки: Страница не найдена | Файл: D:\OSPanel\domains\new-ishop.loc\vendor\wfm\Router.php | Строка: 71
=================
[2023-10-08 14:07:00] Текст ошибки: Страница не найдена | Файл: D:\OSPanel\domains\new-ishop.loc\vendor\wfm\Router.php | Строка: 71
=================
[2023-10-08 14:07:25] Текст ошибки: Страница не найдена | Файл: D:\OSPanel\domains\new-ishop.loc\vendor\wfm\Router.php | Строка: 71
=================
[2023-10-08 14:07:25] Текст ошибки: Страница не найдена | Файл: D:\OSPanel\domains\new-ishop.loc\vendor\wfm\Router.php | Строка: 71
=================
[2023-10-08 14:07:25] Текст ошибки: Страница не найдена | Файл: D:\OSPanel\domains\new-ishop.loc\vendor\wfm\Router.php | Строка: 71
=================
[2023-10-08 14:07:25] Текст ошибки: Страница не найдена | Файл: D:\OSPanel\domains\new-ishop.loc\vendor\wfm\Router.php | Строка: 71
=================
[2023-10-08 14:07:25] Текст ошибки: Страница не найдена | Файл: D:\OSPanel\domains\new-ishop.loc\vendor\wfm\Router.php | Строка: 71
=================
[2023-10-08 14:07:55] Текст ошибки: Страница не найдена | Файл: D:\OSPanel\domains\new-ishop.loc\vendor\wfm\Router.php | Строка: 71
=================
[2023-10-08 14:07:55] Текст ошибки: Страница не найдена | Файл: D:\OSPanel\domains\new-ishop.loc\vendor\wfm\Router.php | Строка: 71
=================
[2023-10-08 14:07:55] Текст ошибки: Страница не найдена | Файл: D:\OSPanel\domains\new-ishop.loc\vendor\wfm\Router.php | Строка: 71
=================
[2023-10-08 14:07:55] Текст ошибки: Страница не найдена | Файл: D:\OSPanel\domains\new-ishop.loc\vendor\wfm\Router.php | Строка: 71
=================
[2023-10-08 14:07:55] Текст ошибки: Страница не найдена | Файл: D:\OSPanel\domains\new-ishop.loc\vendor\wfm\Router.php | Строка: 71
=================
[2023-10-08 14:08:40] Текст ошибки: Страница не найдена | Файл: D:\OSPanel\domains\new-ishop.loc\vendor\wfm\Router.php | Строка: 71
=================
[2023-10-08 14:08:40] Текст ошибки: Страница не найдена | Файл: D:\OSPanel\domains\new-ishop.loc\vendor\wfm\Router.php | Строка: 71
=================
[2023-10-08 14:08:40] Текст ошибки: Страница не найдена | Файл: D:\OSPanel\domains\new-ishop.loc\vendor\wfm\Router.php | Строка: 71
=================
[2023-10-08 14:08:40] Текст ошибки: Страница не найдена | Файл: D:\OSPanel\domains\new-ishop.loc\vendor\wfm\Router.php | Строка: 71
=================
[2023-10-08 14:08:40] Текст ошибки: Страница не найдена | Файл: D:\OSPanel\domains\new-ishop.loc\vendor\wfm\Router.php | Строка: 71
=================
[2023-10-08 14:09:02] Текст ошибки: Страница не найдена | Файл: D:\OSPanel\domains\new-ishop.loc\vendor\wfm\Router.php | Строка: 71
=================
[2023-10-08 14:09:02] Текст ошибки: Страница не найдена | Файл: D:\OSPanel\domains\new-ishop.loc\vendor\wfm\Router.php | Строка: 71
=================
[2023-10-08 14:09:02] Текст ошибки: Страница не найдена | Файл: D:\OSPanel\domains\new-ishop.loc\vendor\wfm\Router.php | Строка: 71
=================
[2023-10-08 14:09:02] Текст ошибки: Страница не найдена | Файл: D:\OSPanel\domains\new-ishop.loc\vendor\wfm\Router.php | Строка: 71
=================
[2023-10-08 14:09:02] Текст ошибки: Страница не найдена | Файл: D:\OSPanel\domains\new-ishop.loc\vendor\wfm\Router.php | Строка: 71
=================
[2023-10-08 14:09:48] Текст ошибки: require_once(D:\OSPanel\domains\new-ishop.loc\app\widgets\languagelang_tpl.php): Failed to open stream: No such file or directory | Файл: D:\OSPanel\domains\new-ishop.loc\app\widgets\language\Language.php | Строка: 55
=================
[2023-10-08 14:10:08] Текст ошибки: Страница не найдена | Файл: D:\OSPanel\domains\new-ishop.loc\vendor\wfm\Router.php | Строка: 71
=================
[2023-10-08 14:10:08] Текст ошибки: Страница не найдена | Файл: D:\OSPanel\domains\new-ishop.loc\vendor\wfm\Router.php | Строка: 71
=================
[2023-10-08 14:10:08] Текст ошибки: Страница не найдена | Файл: D:\OSPanel\domains\new-ishop.loc\vendor\wfm\Router.php | Строка: 71
=================
[2023-10-08 14:10:08] Текст ошибки: Страница не найдена | Файл: D:\OSPanel\domains\new-ishop.loc\vendor\wfm\Router.php | Строка: 71
=================
[2023-10-08 14:10:08] Текст ошибки: Страница не найдена | Файл: D:\OSPanel\domains\new-ishop.loc\vendor\wfm\Router.php | Строка: 71
=================
[2023-10-08 14:12:08] Текст ошибки: Страница не найдена | Файл: D:\OSPanel\domains\new-ishop.loc\vendor\wfm\Router.php | Строка: 71
=================
[2023-10-08 14:12:08] Текст ошибки: Страница не найдена | Файл: D:\OSPanel\domains\new-ishop.loc\vendor\wfm\Router.php | Строка: 71
=================
[2023-10-08 14:12:08] Текст ошибки: Страница не найдена | Файл: D:\OSPanel\domains\new-ishop.loc\vendor\wfm\Router.php | Строка: 71
=================
[2023-10-08 14:12:08] Текст ошибки: Страница не найдена | Файл: D:\OSPanel\domains\new-ishop.loc\vendor\wfm\Router.php | Строка: 71
=================
[2023-10-08 14:12:08] Текст ошибки: Страница не найдена | Файл: D:\OSPanel\domains\new-ishop.loc\vendor\wfm\Router.php | Строка: 71
=================
[2023-10-08 14:12:08] Текст ошибки: Страница не найдена | Файл: D:\OSPanel\domains\new-ishop.loc\vendor\wfm\Router.php | Строка: 71
=================
[2023-10-08 14:12:57] Текст ошибки: Страница не найдена | Файл: D:\OSPanel\domains\new-ishop.loc\vendor\wfm\Router.php | Строка: 71
=================
[2023-10-08 14:12:57] Текст ошибки: Страница не найдена | Файл: D:\OSPanel\domains\new-ishop.loc\vendor\wfm\Router.php | Строка: 71
=================
[2023-10-08 14:12:57] Текст ошибки: Страница не найдена | Файл: D:\OSPanel\domains\new-ishop.loc\vendor\wfm\Router.php | Строка: 71
=================
[2023-10-08 14:12:57] Текст ошибки: Страница не найдена | Файл: D:\OSPanel\domains\new-ishop.loc\vendor\wfm\Router.php | Строка: 71
=================
[2023-10-08 14:12:57] Текст ошибки: Страница не найдена | Файл: D:\OSPanel\domains\new-ishop.loc\vendor\wfm\Router.php | Строка: 71
=================
[2023-10-08 14:14:02] Текст ошибки: Страница не найдена | Файл: D:\OSPanel\domains\new-ishop.loc\vendor\wfm\Router.php | Строка: 71
=================
[2023-10-08 14:14:02] Текст ошибки: Страница не найдена | Файл: D:\OSPanel\domains\new-ishop.loc\vendor\wfm\Router.php | Строка: 71
=================
[2023-10-08 14:14:02] Текст ошибки: Страница не найдена | Файл: D:\OSPanel\domains\new-ishop.loc\vendor\wfm\Router.php | Строка: 71
=================
[2023-10-08 14:14:02] Текст ошибки: Страница не найдена | Файл: D:\OSPanel\domains\new-ishop.loc\vendor\wfm\Router.php | Строка: 71
=================
[2023-10-08 14:14:11] Текст ошибки: Страница не найдена | Файл: D:\OSPanel\domains\new-ishop.loc\vendor\wfm\Router.php | Строка: 71
=================
[2023-10-08 14:14:11] Текст ошибки: Страница не найдена | Файл: D:\OSPanel\domains\new-ishop.loc\vendor\wfm\Router.php | Строка: 71
=================
[2023-10-08 14:14:11] Текст ошибки: Страница не найдена | Файл: D:\OSPanel\domains\new-ishop.loc\vendor\wfm\Router.php | Строка: 71
=================
[2023-10-08 14:14:11] Текст ошибки: Страница не найдена | Файл: D:\OSPanel\domains\new-ishop.loc\vendor\wfm\Router.php | Строка: 71
=================
[2023-10-08 14:14:11] Текст ошибки: Страница не найдена | Файл: D:\OSPanel\domains\new-ishop.loc\vendor\wfm\Router.php | Строка: 71
=================
[2023-10-08 14:14:18] Текст ошибки: Страница не найдена | Файл: D:\OSPanel\domains\new-ishop.loc\vendor\wfm\Router.php | Строка: 71
=================
[2023-10-08 14:14:18] Текст ошибки: Страница не найдена | Файл: D:\OSPanel\domains\new-ishop.loc\vendor\wfm\Router.php | Строка: 71
=================
[2023-10-08 14:14:18] Текст ошибки: Страница не найдена | Файл: D:\OSPanel\domains\new-ishop.loc\vendor\wfm\Router.php | Строка: 71
=================
[2023-10-08 14:14:18] Текст ошибки: Страница не найдена | Файл: D:\OSPanel\domains\new-ishop.loc\vendor\wfm\Router.php | Строка: 71
=================
[2023-10-08 14:14:18] Текст ошибки: Страница не найдена | Файл: D:\OSPanel\domains\new-ishop.loc\vendor\wfm\Router.php | Строка: 71
=================
[2023-10-08 14:16:21] Текст ошибки: Страница не найдена | Файл: D:\OSPanel\domains\new-ishop.loc\vendor\wfm\Router.php | Строка: 71
=================
[2023-10-08 14:16:21] Текст ошибки: Страница не найдена | Файл: D:\OSPanel\domains\new-ishop.loc\vendor\wfm\Router.php | Строка: 71
=================
[2023-10-08 14:16:21] Текст ошибки: Страница не найдена | Файл: D:\OSPanel\domains\new-ishop.loc\vendor\wfm\Router.php | Строка: 71
=================
[2023-10-08 14:16:21] Текст ошибки: Страница не найдена | Файл: D:\OSPanel\domains\new-ishop.loc\vendor\wfm\Router.php | Строка: 71
=================
[2023-10-08 14:16:21] Текст ошибки: Страница не найдена | Файл: D:\OSPanel\domains\new-ishop.loc\vendor\wfm\Router.php | Строка: 71
=================
[2023-10-08 14:16:29] Текст ошибки: Страница не найдена | Файл: D:\OSPanel\domains\new-ishop.loc\vendor\wfm\Router.php | Строка: 71
=================
[2023-10-08 14:16:29] Текст ошибки: Страница не найдена | Файл: D:\OSPanel\domains\new-ishop.loc\vendor\wfm\Router.php | Строка: 71
=================
[2023-10-08 14:16:29] Текст ошибки: Страница не найдена | Файл: D:\OSPanel\domains\new-ishop.loc\vendor\wfm\Router.php | Строка: 71
=================
[2023-10-08 14:16:29] Текст ошибки: Страница не найдена | Файл: D:\OSPanel\domains\new-ishop.loc\vendor\wfm\Router.php | Строка: 71
=================
[2023-10-08 14:17:37] Текст ошибки: Страница не найдена | Файл: D:\OSPanel\domains\new-ishop.loc\vendor\wfm\Router.php | Строка: 71
=================
[2023-10-08 14:17:37] Текст ошибки: Страница не найдена | Файл: D:\OSPanel\domains\new-ishop.loc\vendor\wfm\Router.php | Строка: 71
=================
[2023-10-08 14:17:37] Текст ошибки: Страница не найдена | Файл: D:\OSPanel\domains\new-ishop.loc\vendor\wfm\Router.php | Строка: 71
=================
[2023-10-08 14:17:37] Текст ошибки: Страница не найдена | Файл: D:\OSPanel\domains\new-ishop.loc\vendor\wfm\Router.php | Строка: 71
=================
[2023-10-08 14:17:49] Текст ошибки: Страница не найдена | Файл: D:\OSPanel\domains\new-ishop.loc\vendor\wfm\Router.php | Строка: 71
=================
[2023-10-08 14:17:49] Текст ошибки: Страница не найдена | Файл: D:\OSPanel\domains\new-ishop.loc\vendor\wfm\Router.php | Строка: 71
=================
[2023-10-08 14:17:49] Текст ошибки: Страница не найдена | Файл: D:\OSPanel\domains\new-ishop.loc\vendor\wfm\Router.php | Строка: 71
=================
[2023-10-08 14:17:49] Текст ошибки: Страница не найдена | Файл: D:\OSPanel\domains\new-ishop.loc\vendor\wfm\Router.php | Строка: 71
=================
[2023-10-08 14:17:49] Текст ошибки: Страница не найдена | Файл: D:\OSPanel\domains\new-ishop.loc\vendor\wfm\Router.php | Строка: 71
=================
[2023-10-08 14:57:05] Текст ошибки: Страница не найдена | Файл: D:\OSPanel\domains\new-ishop.loc\vendor\wfm\Router.php | Строка: 71
=================
[2023-10-08 14:57:05] Текст ошибки: Страница не найдена | Файл: D:\OSPanel\domains\new-ishop.loc\vendor\wfm\Router.php | Строка: 71
=================
[2023-10-08 14:57:05] Текст ошибки: Страница не найдена | Файл: D:\OSPanel\domains\new-ishop.loc\vendor\wfm\Router.php | Строка: 71
=================
[2023-10-08 14:57:05] Текст ошибки: Страница не найдена | Файл: D:\OSPanel\domains\new-ishop.loc\vendor\wfm\Router.php | Строка: 71
=================
[2023-10-08 14:57:05] Текст ошибки: Страница не найдена | Файл: D:\OSPanel\domains\new-ishop.loc\vendor\wfm\Router.php | Строка: 71
=================
[2023-10-08 15:03:33] Текст ошибки: Страница не найдена | Файл: D:\OSPanel\domains\new-ishop.loc\vendor\wfm\Router.php | Строка: 71
=================
[2023-10-08 15:03:33] Текст ошибки: Страница не найдена | Файл: D:\OSPanel\domains\new-ishop.loc\vendor\wfm\Router.php | Строка: 71
=================
[2023-10-08 15:03:33] Текст ошибки: Страница не найдена | Файл: D:\OSPanel\domains\new-ishop.loc\vendor\wfm\Router.php | Строка: 71
=================
[2023-10-08 15:03:33] Текст ошибки: Страница не найдена | Файл: D:\OSPanel\domains\new-ishop.loc\vendor\wfm\Router.php | Строка: 71
=================
[2023-10-08 15:03:33] Текст ошибки: Страница не найдена | Файл: D:\OSPanel\domains\new-ishop.loc\vendor\wfm\Router.php | Строка: 71
=================
[2023-10-08 15:04:23] Текст ошибки: Страница не найдена | Файл: D:\OSPanel\domains\new-ishop.loc\vendor\wfm\Router.php | Строка: 71
=================
[2023-10-08 15:04:23] Текст ошибки: Страница не найдена | Файл: D:\OSPanel\domains\new-ishop.loc\vendor\wfm\Router.php | Строка: 71
=================
[2023-10-08 15:04:23] Текст ошибки: Страница не найдена | Файл: D:\OSPanel\domains\new-ishop.loc\vendor\wfm\Router.php | Строка: 71
=================
[2023-10-08 15:04:23] Текст ошибки: Страница не найдена | Файл: D:\OSPanel\domains\new-ishop.loc\vendor\wfm\Router.php | Строка: 71
=================
[2023-10-08 15:04:23] Текст ошибки: Страница не найдена | Файл: D:\OSPanel\domains\new-ishop.loc\vendor\wfm\Router.php | Строка: 71
=================
[2023-10-08 15:04:38] Текст ошибки: Страница не найдена | Файл: D:\OSPanel\domains\new-ishop.loc\vendor\wfm\Router.php | Строка: 71
=================
[2023-10-08 15:04:38] Текст ошибки: Страница не найдена | Файл: D:\OSPanel\domains\new-ishop.loc\vendor\wfm\Router.php | Строка: 71
=================
[2023-10-08 15:04:39] Текст ошибки: Страница не найдена | Файл: D:\OSPanel\domains\new-ishop.loc\vendor\wfm\Router.php | Строка: 71
=================
[2023-10-08 15:04:39] Текст ошибки: Страница не найдена | Файл: D:\OSPanel\domains\new-ishop.loc\vendor\wfm\Router.php | Строка: 71
=================
[2023-10-08 15:04:39] Текст ошибки: Страница не найдена | Файл: D:\OSPanel\domains\new-ishop.loc\vendor\wfm\Router.php | Строка: 71
=================
[2023-10-08 16:04:30] Текст ошибки: Страница не найдена | Файл: D:\OSPanel\domains\new-ishop.loc\vendor\wfm\Router.php | Строка: 71
=================
[2023-10-08 16:04:37] Текст ошибки: Страница не найдена | Файл: D:\OSPanel\domains\new-ishop.loc\vendor\wfm\Router.php | Строка: 71
=================
[2023-10-08 16:06:16] Текст ошибки: Страница не найдена | Файл: D:\OSPanel\domains\new-ishop.loc\vendor\wfm\Router.php | Строка: 71
=================
[2023-10-08 16:06:16] Текст ошибки: Страница не найдена | Файл: D:\OSPanel\domains\new-ishop.loc\vendor\wfm\Router.php | Строка: 71
=================
[2023-10-08 16:06:16] Текст ошибки: Страница не найдена | Файл: D:\OSPanel\domains\new-ishop.loc\vendor\wfm\Router.php | Строка: 71
=================
[2023-10-08 16:06:16] Текст ошибки: Страница не найдена | Файл: D:\OSPanel\domains\new-ishop.loc\vendor\wfm\Router.php | Строка: 71
=================
[2023-10-08 16:06:16] Текст ошибки: Страница не найдена | Файл: D:\OSPanel\domains\new-ishop.loc\vendor\wfm\Router.php | Строка: 71
=================
[2023-10-08 17:11:27] Текст ошибки: Страница не найдена | Файл: D:\OSPanel\domains\new-ishop.loc\vendor\wfm\Router.php | Строка: 71
=================
[2023-10-08 17:11:27] Текст ошибки: Страница не найдена | Файл: D:\OSPanel\domains\new-ishop.loc\vendor\wfm\Router.php | Строка: 71
=================
[2023-10-08 17:11:27] Текст ошибки: Страница не найдена | Файл: D:\OSPanel\domains\new-ishop.loc\vendor\wfm\Router.php | Строка: 71
=================
[2023-10-08 17:11:27] Текст ошибки: Страница не найдена | Файл: D:\OSPanel\domains\new-ishop.loc\vendor\wfm\Router.php | Строка: 71
=================
[2023-10-08 17:11:27] Текст ошибки: Страница не найдена | Файл: D:\OSPanel\domains\new-ishop.loc\vendor\wfm\Router.php | Строка: 71
=================
[2023-10-08 19:06:58] Текст ошибки: Страница не найдена | Файл: D:\OSPanel\domains\new-ishop.loc\vendor\wfm\Router.php | Строка: 71
=================
[2023-10-08 19:06:58] Текст ошибки: Страница не найдена | Файл: D:\OSPanel\domains\new-ishop.loc\vendor\wfm\Router.php | Строка: 71
=================
[2023-10-08 19:06:58] Текст ошибки: Страница не найдена | Файл: D:\OSPanel\domains\new-ishop.loc\vendor\wfm\Router.php | Строка: 71
=================
[2023-10-08 19:06:58] Текст ошибки: Страница не найдена | Файл: D:\OSPanel\domains\new-ishop.loc\vendor\wfm\Router.php | Строка: 71
=================
[2023-10-08 19:16:07] Текст ошибки: Страница не найдена | Файл: D:\OSPanel\domains\new-ishop.loc\vendor\wfm\Router.php | Строка: 71
=================
[2023-10-08 19:16:07] Текст ошибки: Страница не найдена | Файл: D:\OSPanel\domains\new-ishop.loc\vendor\wfm\Router.php | Строка: 71
=================
[2023-10-08 19:16:07] Текст ошибки: Страница не найдена | Файл: D:\OSPanel\domains\new-ishop.loc\vendor\wfm\Router.php | Строка: 71
=================
[2023-10-08 19:16:07] Текст ошибки: Страница не найдена | Файл: D:\OSPanel\domains\new-ishop.loc\vendor\wfm\Router.php | Строка: 71
=================
[2023-10-08 19:16:07] Текст ошибки: Страница не найдена | Файл: D:\OSPanel\domains\new-ishop.loc\vendor\wfm\Router.php | Строка: 71
=================
[2023-10-08 19:16:09] Текст ошибки: Страница не найдена | Файл: D:\OSPanel\domains\new-ishop.loc\vendor\wfm\Router.php | Строка: 71
=================
[2023-10-08 19:16:09] Текст ошибки: Страница не найдена | Файл: D:\OSPanel\domains\new-ishop.loc\vendor\wfm\Router.php | Строка: 71
=================
[2023-10-08 19:16:09] Текст ошибки: Страница не найдена | Файл: D:\OSPanel\domains\new-ishop.loc\vendor\wfm\Router.php | Строка: 71
=================
[2023-10-08 19:16:09] Текст ошибки: Страница не найдена | Файл: D:\OSPanel\domains\new-ishop.loc\vendor\wfm\Router.php | Строка: 71
=================
[2023-10-08 19:16:09] Текст ошибки: Страница не найдена | Файл: D:\OSPanel\domains\new-ishop.loc\vendor\wfm\Router.php | Строка: 71
=================
[2023-10-08 19:16:12] Текст ошибки: Страница не найдена | Файл: D:\OSPanel\domains\new-ishop.loc\vendor\wfm\Router.php | Строка: 71
=================
[2023-10-08 19:16:12] Текст ошибки: Страница не найдена | Файл: D:\OSPanel\domains\new-ishop.loc\vendor\wfm\Router.php | Строка: 71
=================
[2023-10-08 19:16:12] Текст ошибки: Страница не найдена | Файл: D:\OSPanel\domains\new-ishop.loc\vendor\wfm\Router.php | Строка: 71
=================
[2023-10-08 19:16:12] Текст ошибки: Страница не найдена | Файл: D:\OSPanel\domains\new-ishop.loc\vendor\wfm\Router.php | Строка: 71
=================
[2023-10-08 19:16:12] Текст ошибки: Страница не найдена | Файл: D:\OSPanel\domains\new-ishop.loc\vendor\wfm\Router.php | Строка: 71
=================
[2023-10-08 19:16:14] Текст ошибки: Страница не найдена | Файл: D:\OSPanel\domains\new-ishop.loc\vendor\wfm\Router.php | Строка: 71
=================
[2023-10-08 19:16:14] Текст ошибки: Страница не найдена | Файл: D:\OSPanel\domains\new-ishop.loc\vendor\wfm\Router.php | Строка: 71
=================
[2023-10-08 19:16:14] Текст ошибки: Страница не найдена | Файл: D:\OSPanel\domains\new-ishop.loc\vendor\wfm\Router.php | Строка: 71
=================
[2023-10-08 19:16:14] Текст ошибки: Страница не найдена | Файл: D:\OSPanel\domains\new-ishop.loc\vendor\wfm\Router.php | Строка: 71
=================
[2023-10-08 19:16:14] Текст ошибки: Страница не найдена | Файл: D:\OSPanel\domains\new-ishop.loc\vendor\wfm\Router.php | Строка: 71
=================
[2023-10-08 19:16:18] Текст ошибки: Страница не найдена | Файл: D:\OSPanel\domains\new-ishop.loc\vendor\wfm\Router.php | Строка: 71
=================
[2023-10-08 19:16:18] Текст ошибки: Страница не найдена | Файл: D:\OSPanel\domains\new-ishop.loc\vendor\wfm\Router.php | Строка: 71
=================
[2023-10-08 19:16:18] Текст ошибки: Страница не найдена | Файл: D:\OSPanel\domains\new-ishop.loc\vendor\wfm\Router.php | Строка: 71
=================
[2023-10-08 19:16:18] Текст ошибки: Страница не найдена | Файл: D:\OSPanel\domains\new-ishop.loc\vendor\wfm\Router.php | Строка: 71
=================
[2023-10-08 19:16:18] Текст ошибки: Страница не найдена | Файл: D:\OSPanel\domains\new-ishop.loc\vendor\wfm\Router.php | Строка: 71
=================
[2023-10-08 19:16:20] Текст ошибки: Страница не найдена | Файл: D:\OSPanel\domains\new-ishop.loc\vendor\wfm\Router.php | Строка: 71
=================
[2023-10-08 19:16:20] Текст ошибки: Страница не найдена | Файл: D:\OSPanel\domains\new-ishop.loc\vendor\wfm\Router.php | Строка: 71
=================
[2023-10-08 19:16:20] Текст ошибки: Страница не найдена | Файл: D:\OSPanel\domains\new-ishop.loc\vendor\wfm\Router.php | Строка: 71
=================
[2023-10-08 19:16:20] Текст ошибки: Страница не найдена | Файл: D:\OSPanel\domains\new-ishop.loc\vendor\wfm\Router.php | Строка: 71
=================
[2023-10-08 19:16:20] Текст ошибки: Страница не найдена | Файл: D:\OSPanel\domains\new-ishop.loc\vendor\wfm\Router.php | Строка: 71
=================
[2023-10-08 19:16:22] Текст ошибки: Страница не найдена | Файл: D:\OSPanel\domains\new-ishop.loc\vendor\wfm\Router.php | Строка: 71
=================
[2023-10-08 19:16:22] Текст ошибки: Страница не найдена | Файл: D:\OSPanel\domains\new-ishop.loc\vendor\wfm\Router.php | Строка: 71
=================
[2023-10-08 19:16:22] Текст ошибки: Страница не найдена | Файл: D:\OSPanel\domains\new-ishop.loc\vendor\wfm\Router.php | Строка: 71
=================
[2023-10-08 19:16:22] Текст ошибки: Страница не найдена | Файл: D:\OSPanel\domains\new-ishop.loc\vendor\wfm\Router.php | Строка: 71
=================
[2023-10-08 19:20:05] Текст ошибки: Страница не найдена | Файл: D:\OSPanel\domains\new-ishop.loc\vendor\wfm\Router.php | Строка: 71
=================
[2023-10-08 19:20:05] Текст ошибки: Страница не найдена | Файл: D:\OSPanel\domains\new-ishop.loc\vendor\wfm\Router.php | Строка: 71
=================
[2023-10-08 19:20:05] Текст ошибки: Страница не найдена | Файл: D:\OSPanel\domains\new-ishop.loc\vendor\wfm\Router.php | Строка: 71
=================
[2023-10-08 19:20:05] Текст ошибки: Страница не найдена | Файл: D:\OSPanel\domains\new-ishop.loc\vendor\wfm\Router.php | Строка: 71
=================
[2023-10-08 19:20:05] Текст ошибки: Страница не найдена | Файл: D:\OSPanel\domains\new-ishop.loc\vendor\wfm\Router.php | Строка: 71
=================
[2023-10-08 19:49:12] Текст ошибки: Страница не найдена | Файл: D:\OSPanel\domains\new-ishop.loc\vendor\wfm\Router.php | Строка: 71
=================
[2023-10-08 19:49:12] Текст ошибки: Страница не найдена | Файл: D:\OSPanel\domains\new-ishop.loc\vendor\wfm\Router.php | Строка: 71
=================
[2023-10-08 19:49:12] Текст ошибки: Страница не найдена | Файл: D:\OSPanel\domains\new-ishop.loc\vendor\wfm\Router.php | Строка: 71
=================
[2023-10-08 19:49:12] Текст ошибки: Страница не найдена | Файл: D:\OSPanel\domains\new-ishop.loc\vendor\wfm\Router.php | Строка: 71
=================
[2023-10-08 19:49:12] Текст ошибки: Страница не найдена | Файл: D:\OSPanel\domains\new-ishop.loc\vendor\wfm\Router.php | Строка: 71
=================
[2023-10-08 19:49:17] Текст ошибки: Страница не найдена | Файл: D:\OSPanel\domains\new-ishop.loc\vendor\wfm\Router.php | Строка: 71
=================
[2023-10-08 19:49:17] Текст ошибки: Страница не найдена | Файл: D:\OSPanel\domains\new-ishop.loc\vendor\wfm\Router.php | Строка: 71
=================
[2023-10-08 19:49:17] Текст ошибки: Страница не найдена | Файл: D:\OSPanel\domains\new-ishop.loc\vendor\wfm\Router.php | Строка: 71
=================
[2023-10-08 19:49:17] Текст ошибки: Страница не найдена | Файл: D:\OSPanel\domains\new-ishop.loc\vendor\wfm\Router.php | Строка: 71
=================
[2023-10-08 19:49:17] Текст ошибки: Страница не найдена | Файл: D:\OSPanel\domains\new-ishop.loc\vendor\wfm\Router.php | Строка: 71
=================
[2023-10-08 20:09:52] Текст ошибки: Страница не найдена | Файл: D:\OSPanel\domains\new-ishop.loc\vendor\wfm\Router.php | Строка: 71
=================
[2023-10-08 20:09:52] Текст ошибки: Страница не найдена | Файл: D:\OSPanel\domains\new-ishop.loc\vendor\wfm\Router.php | Строка: 71
=================
[2023-10-08 20:09:52] Текст ошибки: Страница не найдена | Файл: D:\OSPanel\domains\new-ishop.loc\vendor\wfm\Router.php | Строка: 71
=================
[2023-10-08 20:09:52] Текст ошибки: Страница не найдена | Файл: D:\OSPanel\domains\new-ishop.loc\vendor\wfm\Router.php | Строка: 71
=================
[2023-10-08 20:09:52] Текст ошибки: Страница не найдена | Файл: D:\OSPanel\domains\new-ishop.loc\vendor\wfm\Router.php | Строка: 71
=================
[2023-10-08 20:10:03] Текст ошибки: Страница не найдена | Файл: D:\OSPanel\domains\new-ishop.loc\vendor\wfm\Router.php | Строка: 71
=================
[2023-10-08 20:10:07] Текст ошибки: Страница не найдена | Файл: D:\OSPanel\domains\new-ishop.loc\vendor\wfm\Router.php | Строка: 71
=================
[2023-10-08 20:10:07] Текст ошибки: Страница не найдена | Файл: D:\OSPanel\domains\new-ishop.loc\vendor\wfm\Router.php | Строка: 71
=================
[2023-10-08 20:10:07] Текст ошибки: Страница не найдена | Файл: D:\OSPanel\domains\new-ishop.loc\vendor\wfm\Router.php | Строка: 71
=================
[2023-10-08 20:10:07] Текст ошибки: Страница не найдена | Файл: D:\OSPanel\domains\new-ishop.loc\vendor\wfm\Router.php | Строка: 71
=================
[2023-10-08 20:10:07] Текст ошибки: Страница не найдена | Файл: D:\OSPanel\domains\new-ishop.loc\vendor\wfm\Router.php | Строка: 71
=================
[2023-10-08 20:10:10] Текст ошибки: Страница не найдена | Файл: D:\OSPanel\domains\new-ishop.loc\vendor\wfm\Router.php | Строка: 71
=================
[2023-10-08 20:10:10] Текст ошибки: Страница не найдена | Файл: D:\OSPanel\domains\new-ishop.loc\vendor\wfm\Router.php | Строка: 71
=================
[2023-10-08 20:10:10] Текст ошибки: Страница не найдена | Файл: D:\OSPanel\domains\new-ishop.loc\vendor\wfm\Router.php | Строка: 71
=================
[2023-10-08 20:10:10] Текст ошибки: Страница не найдена | Файл: D:\OSPanel\domains\new-ishop.loc\vendor\wfm\Router.php | Строка: 71
=================
[2023-10-08 20:10:50] Текст ошибки: Страница не найдена | Файл: D:\OSPanel\domains\new-ishop.loc\vendor\wfm\Router.php | Строка: 71
=================
[2023-10-08 20:10:50] Текст ошибки: Страница не найдена | Файл: D:\OSPanel\domains\new-ishop.loc\vendor\wfm\Router.php | Строка: 71
=================
[2023-10-08 20:10:50] Текст ошибки: Страница не найдена | Файл: D:\OSPanel\domains\new-ishop.loc\vendor\wfm\Router.php | Строка: 71
=================
[2023-10-08 20:10:53] Текст ошибки: Страница не найдена | Файл: D:\OSPanel\domains\new-ishop.loc\vendor\wfm\Router.php | Строка: 71
=================
[2023-10-08 20:10:53] Текст ошибки: Страница не найдена | Файл: D:\OSPanel\domains\new-ishop.loc\vendor\wfm\Router.php | Строка: 71
=================
[2023-10-08 20:10:53] Текст ошибки: Страница не найдена | Файл: D:\OSPanel\domains\new-ishop.loc\vendor\wfm\Router.php | Строка: 71
=================
[2023-10-08 20:10:53] Текст ошибки: Страница не найдена | Файл: D:\OSPanel\domains\new-ishop.loc\vendor\wfm\Router.php | Строка: 71
=================
[2023-10-08 20:10:53] Текст ошибки: Страница не найдена | Файл: D:\OSPanel\domains\new-ishop.loc\vendor\wfm\Router.php | Строка: 71
=================
[2023-10-08 20:11:11] Текст ошибки: Страница не найдена | Файл: D:\OSPanel\domains\new-ishop.loc\vendor\wfm\Router.php | Строка: 71
=================
[2023-10-08 20:11:56] Текст ошибки: Страница не найдена | Файл: D:\OSPanel\domains\new-ishop.loc\vendor\wfm\Router.php | Строка: 71
=================
[2023-10-08 20:11:56] Текст ошибки: Страница не найдена | Файл: D:\OSPanel\domains\new-ishop.loc\vendor\wfm\Router.php | Строка: 71
=================
[2023-10-08 20:11:56] Текст ошибки: Страница не найдена | Файл: D:\OSPanel\domains\new-ishop.loc\vendor\wfm\Router.php | Строка: 71
=================
[2023-10-08 20:11:56] Текст ошибки: Страница не найдена | Файл: D:\OSPanel\domains\new-ishop.loc\vendor\wfm\Router.php | Строка: 71
=================
[2023-10-08 20:12:28] Текст ошибки: Страница не найдена | Файл: D:\OSPanel\domains\new-ishop.loc\vendor\wfm\Router.php | Строка: 71
=================
[2023-10-08 20:12:28] Текст ошибки: Страница не найдена | Файл: D:\OSPanel\domains\new-ishop.loc\vendor\wfm\Router.php | Строка: 71
=================
[2023-10-08 20:12:28] Текст ошибки: Страница не найдена | Файл: D:\OSPanel\domains\new-ishop.loc\vendor\wfm\Router.php | Строка: 71
=================
[2023-10-08 20:12:28] Текст ошибки: Страница не найдена | Файл: D:\OSPanel\domains\new-ishop.loc\vendor\wfm\Router.php | Строка: 71
=================
[2023-10-08 20:12:28] Текст ошибки: Страница не найдена | Файл: D:\OSPanel\domains\new-ishop.loc\vendor\wfm\Router.php | Строка: 71
=================
[2023-10-08 20:12:30] Текст ошибки: Страница не найдена | Файл: D:\OSPanel\domains\new-ishop.loc\vendor\wfm\Router.php | Строка: 71
=================
[2023-10-08 20:12:30] Текст ошибки: Страница не найдена | Файл: D:\OSPanel\domains\new-ishop.loc\vendor\wfm\Router.php | Строка: 71
=================
[2023-10-08 20:12:32] Текст ошибки: Страница не найдена | Файл: D:\OSPanel\domains\new-ishop.loc\vendor\wfm\Router.php | Строка: 71
=================
[2023-10-08 20:12:32] Текст ошибки: Страница не найдена | Файл: D:\OSPanel\domains\new-ishop.loc\vendor\wfm\Router.php | Строка: 71
=================
[2023-10-08 20:12:32] Текст ошибки: Страница не найдена | Файл: D:\OSPanel\domains\new-ishop.loc\vendor\wfm\Router.php | Строка: 71
=================
[2023-10-08 20:12:32] Текст ошибки: Страница не найдена | Файл: D:\OSPanel\domains\new-ishop.loc\vendor\wfm\Router.php | Строка: 71
=================
[2023-10-08 20:14:59] Текст ошибки: Страница не найдена | Файл: D:\OSPanel\domains\new-ishop.loc\vendor\wfm\Router.php | Строка: 71
=================
[2023-10-08 20:14:59] Текст ошибки: Страница не найдена | Файл: D:\OSPanel\domains\new-ishop.loc\vendor\wfm\Router.php | Строка: 71
=================
[2023-10-08 20:14:59] Текст ошибки: Страница не найдена | Файл: D:\OSPanel\domains\new-ishop.loc\vendor\wfm\Router.php | Строка: 71
=================
[2023-10-08 20:14:59] Текст ошибки: Страница не найдена | Файл: D:\OSPanel\domains\new-ishop.loc\vendor\wfm\Router.php | Строка: 71
=================
[2023-10-08 20:57:37] Текст ошибки: Страница не найдена | Файл: D:\OSPanel\domains\new-ishop.loc\vendor\wfm\Router.php | Строка: 71
=================
[2023-10-08 20:57:37] Текст ошибки: Страница не найдена | Файл: D:\OSPanel\domains\new-ishop.loc\vendor\wfm\Router.php | Строка: 71
=================
[2023-10-08 20:57:37] Текст ошибки: Страница не найдена | Файл: D:\OSPanel\domains\new-ishop.loc\vendor\wfm\Router.php | Строка: 71
=================
[2023-10-08 20:57:37] Текст ошибки: Страница не найдена | Файл: D:\OSPanel\domains\new-ishop.loc\vendor\wfm\Router.php | Строка: 71
=================
[2023-10-08 20:57:37] Текст ошибки: Страница не найдена | Файл: D:\OSPanel\domains\new-ishop.loc\vendor\wfm\Router.php | Строка: 71
=================
[2023-10-08 20:57:39] Текст ошибки: Страница не найдена | Файл: D:\OSPanel\domains\new-ishop.loc\vendor\wfm\Router.php | Строка: 71
=================
[2023-10-08 20:57:39] Текст ошибки: Страница не найдена | Файл: D:\OSPanel\domains\new-ishop.loc\vendor\wfm\Router.php | Строка: 71
=================
[2023-10-08 20:57:39] Текст ошибки: Страница не найдена | Файл: D:\OSPanel\domains\new-ishop.loc\vendor\wfm\Router.php | Строка: 71
=================
[2023-10-08 20:57:39] Текст ошибки: Страница не найдена | Файл: D:\OSPanel\domains\new-ishop.loc\vendor\wfm\Router.php | Строка: 71
=================
[2023-10-08 20:57:39] Текст ошибки: Страница не найдена | Файл: D:\OSPanel\domains\new-ishop.loc\vendor\wfm\Router.php | Строка: 71
=================
[2023-10-08 20:57:40] Текст ошибки: Страница не найдена | Файл: D:\OSPanel\domains\new-ishop.loc\vendor\wfm\Router.php | Строка: 71
=================
[2023-10-08 20:57:40] Текст ошибки: Страница не найдена | Файл: D:\OSPanel\domains\new-ishop.loc\vendor\wfm\Router.php | Строка: 71
=================
[2023-10-08 20:57:40] Текст ошибки: Страница не найдена | Файл: D:\OSPanel\domains\new-ishop.loc\vendor\wfm\Router.php | Строка: 71
=================
[2023-10-08 20:57:40] Текст ошибки: Страница не найдена | Файл: D:\OSPanel\domains\new-ishop.loc\vendor\wfm\Router.php | Строка: 71
=================
[2023-10-08 20:57:43] Текст ошибки: Страница не найдена | Файл: D:\OSPanel\domains\new-ishop.loc\vendor\wfm\Router.php | Строка: 71
=================
[2023-10-08 20:57:43] Текст ошибки: Страница не найдена | Файл: D:\OSPanel\domains\new-ishop.loc\vendor\wfm\Router.php | Строка: 71
=================
[2023-10-08 20:57:43] Текст ошибки: Страница не найдена | Файл: D:\OSPanel\domains\new-ishop.loc\vendor\wfm\Router.php | Строка: 71
=================
[2023-10-08 20:57:43] Текст ошибки: Страница не найдена | Файл: D:\OSPanel\domains\new-ishop.loc\vendor\wfm\Router.php | Строка: 71
=================
[2023-10-08 20:57:43] Текст ошибки: Страница не найдена | Файл: D:\OSPanel\domains\new-ishop.loc\vendor\wfm\Router.php | Строка: 71
=================
[2023-10-08 20:58:30] Текст ошибки: Страница не найдена | Файл: D:\OSPanel\domains\new-ishop.loc\vendor\wfm\Router.php | Строка: 71
=================
[2023-10-08 20:58:30] Текст ошибки: Страница не найдена | Файл: D:\OSPanel\domains\new-ishop.loc\vendor\wfm\Router.php | Строка: 71
=================
[2023-10-08 20:58:30] Текст ошибки: Страница не найдена | Файл: D:\OSPanel\domains\new-ishop.loc\vendor\wfm\Router.php | Строка: 71
=================
[2023-10-08 20:58:30] Текст ошибки: Страница не найдена | Файл: D:\OSPanel\domains\new-ishop.loc\vendor\wfm\Router.php | Строка: 71
=================
[2023-10-08 21:17:42] Текст ошибки: Страница не найдена | Файл: D:\OSPanel\domains\new-ishop.loc\vendor\wfm\Router.php | Строка: 71
=================
[2023-10-08 21:17:43] Текст ошибки: Страница не найдена | Файл: D:\OSPanel\domains\new-ishop.loc\vendor\wfm\Router.php | Строка: 71
=================
[2023-10-08 21:17:43] Текст ошибки: Страница не найдена | Файл: D:\OSPanel\domains\new-ishop.loc\vendor\wfm\Router.php | Строка: 71
=================
[2023-10-08 21:17:43] Текст ошибки: Страница не найдена | Файл: D:\OSPanel\domains\new-ishop.loc\vendor\wfm\Router.php | Строка: 71
=================
[2023-10-08 21:17:43] Текст ошибки: Страница не найдена | Файл: D:\OSPanel\domains\new-ishop.loc\vendor\wfm\Router.php | Строка: 71
=================
[2023-10-08 21:17:45] Текст ошибки: Страница не найдена | Файл: D:\OSPanel\domains\new-ishop.loc\vendor\wfm\Router.php | Строка: 71
=================
[2023-10-08 21:17:45] Текст ошибки: Страница не найдена | Файл: D:\OSPanel\domains\new-ishop.loc\vendor\wfm\Router.php | Строка: 71
=================
[2023-10-08 21:17:45] Текст ошибки: Страница не найдена | Файл: D:\OSPanel\domains\new-ishop.loc\vendor\wfm\Router.php | Строка: 71
=================
[2023-10-08 21:17:45] Текст ошибки: Страница не найдена | Файл: D:\OSPanel\domains\new-ishop.loc\vendor\wfm\Router.php | Строка: 71
=================
[2023-10-08 21:17:49] Текст ошибки: Страница не найдена | Файл: D:\OSPanel\domains\new-ishop.loc\vendor\wfm\Router.php | Строка: 71
=================
[2023-10-08 21:17:49] Текст ошибки: Страница не найдена | Файл: D:\OSPanel\domains\new-ishop.loc\vendor\wfm\Router.php | Строка: 71
=================
[2023-10-08 21:17:49] Текст ошибки: Страница не найдена | Файл: D:\OSPanel\domains\new-ishop.loc\vendor\wfm\Router.php | Строка: 71
=================
[2023-10-08 21:17:49] Текст ошибки: Страница не найдена | Файл: D:\OSPanel\domains\new-ishop.loc\vendor\wfm\Router.php | Строка: 71
=================
[2023-10-08 21:17:51] Текст ошибки: Страница не найдена | Файл: D:\OSPanel\domains\new-ishop.loc\vendor\wfm\Router.php | Строка: 71
=================
[2023-10-08 21:17:51] Текст ошибки: Страница не найдена | Файл: D:\OSPanel\domains\new-ishop.loc\vendor\wfm\Router.php | Строка: 71
=================
[2023-10-08 21:17:51] Текст ошибки: Страница не найдена | Файл: D:\OSPanel\domains\new-ishop.loc\vendor\wfm\Router.php | Строка: 71
=================
[2023-10-08 21:17:51] Текст ошибки: Страница не найдена | Файл: D:\OSPanel\domains\new-ishop.loc\vendor\wfm\Router.php | Строка: 71
=================
[2023-10-08 21:17:51] Текст ошибки: Страница не найдена | Файл: D:\OSPanel\domains\new-ishop.loc\vendor\wfm\Router.php | Строка: 71
=================
[2023-10-09 13:00:09] Текст ошибки: Страница не найдена | Файл: D:\OSPanel\domains\new-ishop.loc\vendor\wfm\Router.php | Строка: 71
=================
[2023-10-09 13:00:09] Текст ошибки: Страница не найдена | Файл: D:\OSPanel\domains\new-ishop.loc\vendor\wfm\Router.php | Строка: 71
=================
[2023-10-09 13:00:09] Текст ошибки: Страница не найдена | Файл: D:\OSPanel\domains\new-ishop.loc\vendor\wfm\Router.php | Строка: 71
=================
[2023-10-09 13:00:09] Текст ошибки: Страница не найдена | Файл: D:\OSPanel\domains\new-ishop.loc\vendor\wfm\Router.php | Строка: 71
=================
[2023-10-09 13:00:09] Текст ошибки: Страница не найдена | Файл: D:\OSPanel\domains\new-ishop.loc\vendor\wfm\Router.php | Строка: 71
=================
[2023-10-09 13:00:17] Текст ошибки: Страница не найдена | Файл: D:\OSPanel\domains\new-ishop.loc\vendor\wfm\Router.php | Строка: 71
=================
[2023-10-09 13:00:17] Текст ошибки: Страница не найдена | Файл: D:\OSPanel\domains\new-ishop.loc\vendor\wfm\Router.php | Строка: 71
=================
[2023-10-09 13:05:53] Текст ошибки: Array to string conversion | Файл: D:\OSPanel\domains\new-ishop.loc\vendor\gabordemooij\redbean\RedBeanPHP\QueryWriter\AQueryWriter.php | Строка: 233
=================
[2023-10-09 13:05:54] Текст ошибки: Array to string conversion | Файл: D:\OSPanel\domains\new-ishop.loc\vendor\gabordemooij\redbean\RedBeanPHP\QueryWriter\AQueryWriter.php | Строка: 233
=================
[2023-10-09 14:23:18] Текст ошибки: Cannot assign int to property wfm\Language::$lang_view of type array | Файл: D:\OSPanel\domains\new-ishop.loc\vendor\wfm\Language.php | Строка: 27
=================
[2023-10-09 14:23:19] Текст ошибки: Cannot assign int to property wfm\Language::$lang_view of type array | Файл: D:\OSPanel\domains\new-ishop.loc\vendor\wfm\Language.php | Строка: 27
=================
[2023-10-09 14:24:45] Текст ошибки: Cannot assign int to property wfm\Language::$lang_view of type array | Файл: D:\OSPanel\domains\new-ishop.loc\vendor\wfm\Language.php | Строка: 27
=================
[2023-10-09 14:24:45] Текст ошибки: Cannot assign int to property wfm\Language::$lang_view of type array | Файл: D:\OSPanel\domains\new-ishop.loc\vendor\wfm\Language.php | Строка: 27
=================
[2023-10-09 14:24:46] Текст ошибки: Cannot assign int to property wfm\Language::$lang_view of type array | Файл: D:\OSPanel\domains\new-ishop.loc\vendor\wfm\Language.php | Строка: 27
=================
[2023-10-09 14:24:59] Текст ошибки: Cannot assign int to property wfm\Language::$lang_view of type array | Файл: D:\OSPanel\domains\new-ishop.loc\vendor\wfm\Language.php | Строка: 27
=================
[2023-10-09 14:35:27] Текст ошибки: Страница не найдена | Файл: D:\OSPanel\domains\new-ishop.loc\vendor\wfm\Router.php | Строка: 71
=================
[2023-10-09 14:35:27] Текст ошибки: Страница не найдена | Файл: D:\OSPanel\domains\new-ishop.loc\vendor\wfm\Router.php | Строка: 71
=================
[2023-10-09 14:35:27] Текст ошибки: Страница не найдена | Файл: D:\OSPanel\domains\new-ishop.loc\vendor\wfm\Router.php | Строка: 71
=================
[2023-10-09 14:35:27] Текст ошибки: Страница не найдена | Файл: D:\OSPanel\domains\new-ishop.loc\vendor\wfm\Router.php | Строка: 71
=================
[2023-10-09 14:35:27] Текст ошибки: Страница не найдена | Файл: D:\OSPanel\domains\new-ishop.loc\vendor\wfm\Router.php | Строка: 71
=================
[2023-10-09 14:36:07] Текст ошибки: Страница не найдена | Файл: D:\OSPanel\domains\new-ishop.loc\vendor\wfm\Router.php | Строка: 71
=================
[2023-10-09 14:36:07] Текст ошибки: Страница не найдена | Файл: D:\OSPanel\domains\new-ishop.loc\vendor\wfm\Router.php | Строка: 71
=================
[2023-10-09 14:36:07] Текст ошибки: Страница не найдена | Файл: D:\OSPanel\domains\new-ishop.loc\vendor\wfm\Router.php | Строка: 71
=================
[2023-10-09 14:36:07] Текст ошибки: Страница не найдена | Файл: D:\OSPanel\domains\new-ishop.loc\vendor\wfm\Router.php | Строка: 71
=================
[2023-10-09 14:36:07] Текст ошибки: Страница не найдена | Файл: D:\OSPanel\domains\new-ishop.loc\vendor\wfm\Router.php | Строка: 71
=================
[2023-10-09 16:11:05] Текст ошибки: file_put_contents(D:\OSPanel\domains\new-ishop.loc/tmp/cache/5a105e8b9d40e1329780d62ea2265d8a.txt): Failed to open stream: No such file or directory | Файл: D:\OSPanel\domains\new-ishop.loc\vendor\wfm\Cache.php | Строка: 18
=================
[2023-10-09 22:38:19] Текст ошибки: Страница не найдена | Файл: D:\OSPanel\domains\new-ishop.loc\vendor\wfm\Router.php | Строка: 71
=================
[2023-10-09 22:38:19] Текст ошибки: Страница не найдена | Файл: D:\OSPanel\domains\new-ishop.loc\vendor\wfm\Router.php | Строка: 71
=================
[2023-10-09 22:38:19] Текст ошибки: Страница не найдена | Файл: D:\OSPanel\domains\new-ishop.loc\vendor\wfm\Router.php | Строка: 71
=================
[2023-10-09 22:38:19] Текст ошибки: Страница не найдена | Файл: D:\OSPanel\domains\new-ishop.loc\vendor\wfm\Router.php | Строка: 71
=================
[2023-10-09 22:46:09] Текст ошибки: Страница не найдена | Файл: D:\OSPanel\domains\new-ishop.loc\vendor\wfm\Router.php | Строка: 71
=================
[2023-10-09 22:46:20] Текст ошибки: Страница не найдена | Файл: D:\OSPanel\domains\new-ishop.loc\vendor\wfm\Router.php | Строка: 71
=================
[2023-10-09 22:46:21] Текст ошибки: Страница не найдена | Файл: D:\OSPanel\domains\new-ishop.loc\vendor\wfm\Router.php | Строка: 71
=================
[2023-10-09 22:46:29] Текст ошибки: Страница не найдена | Файл: D:\OSPanel\domains\new-ishop.loc\vendor\wfm\Router.php | Строка: 71
=================
[2023-10-09 22:46:47] Текст ошибки: Страница не найдена | Файл: D:\OSPanel\domains\new-ishop.loc\vendor\wfm\Router.php | Строка: 71
=================
[2023-10-09 22:47:06] Текст ошибки: Страница не найдена | Файл: D:\OSPanel\domains\new-ishop.loc\vendor\wfm\Router.php | Строка: 71
=================
[2023-10-09 22:55:08] Текст ошибки: Страница не найдена | Файл: D:\OSPanel\domains\new-ishop.loc\vendor\wfm\Router.php | Строка: 71
=================
[2023-10-09 22:55:25] Текст ошибки: Страница не найдена | Файл: D:\OSPanel\domains\new-ishop.loc\vendor\wfm\Router.php | Строка: 71
=================
[2023-10-09 23:09:10] Текст ошибки: Страница не найдена | Файл: D:\OSPanel\domains\new-ishop.loc\vendor\wfm\Router.php | Строка: 71
=================
[2023-10-09 23:09:13] Текст ошибки: Страница не найдена | Файл: D:\OSPanel\domains\new-ishop.loc\vendor\wfm\Router.php | Строка: 71
=================
[2023-10-09 23:09:14] Текст ошибки: Страница не найдена | Файл: D:\OSPanel\domains\new-ishop.loc\vendor\wfm\Router.php | Строка: 71
=================
[2023-10-09 23:34:11] Текст ошибки: Не найден вид D:\OSPanel\domains\new-ishop.loc/app/views/Cart/add.php | Файл: D:\OSPanel\domains\new-ishop.loc\vendor\wfm\View.php | Строка: 41
=================
[2023-10-09 23:35:31] Текст ошибки: Не найден вид D:\OSPanel\domains\new-ishop.loc/app/views/Cart/add.php | Файл: D:\OSPanel\domains\new-ishop.loc\vendor\wfm\View.php | Строка: 41
=================
[2023-10-10 09:50:01] Текст ошибки: Страница не найдена | Файл: D:\OSPanel\domains\new-ishop.loc\vendor\wfm\Router.php | Строка: 71
=================
[2023-10-10 10:19:39] Текст ошибки: Метод app\controllers\CartController::showAction не найден | Файл: D:\OSPanel\domains\new-ishop.loc\vendor\wfm\Router.php | Строка: 64
=================
[2023-10-10 12:54:26] Текст ошибки: Страница не найдена | Файл: D:\OSPanel\domains\new-ishop.loc\vendor\wfm\Router.php | Строка: 71
=================
[2023-10-10 12:54:26] Текст ошибки: Страница не найдена | Файл: D:\OSPanel\domains\new-ishop.loc\vendor\wfm\Router.php | Строка: 71
=================
[2023-10-10 12:54:26] Текст ошибки: Страница не найдена | Файл: D:\OSPanel\domains\new-ishop.loc\vendor\wfm\Router.php | Строка: 71
=================
[2023-10-10 12:54:26] Текст ошибки: Страница не найдена | Файл: D:\OSPanel\domains\new-ishop.loc\vendor\wfm\Router.php | Строка: 71
=================
[2023-10-10 12:54:26] Текст ошибки: Страница не найдена | Файл: D:\OSPanel\domains\new-ishop.loc\vendor\wfm\Router.php | Строка: 71
=================
[2023-10-10 21:08:18] Текст ошибки: Страница не найдена | Файл: D:\OSPanel\domains\new-ishop.loc\vendor\wfm\Router.php | Строка: 71
=================
[2023-10-10 21:08:18] Текст ошибки: Страница не найдена | Файл: D:\OSPanel\domains\new-ishop.loc\vendor\wfm\Router.php | Строка: 71
=================
[2023-10-10 21:08:18] Текст ошибки: Страница не найдена | Файл: D:\OSPanel\domains\new-ishop.loc\vendor\wfm\Router.php | Строка: 71
=================
[2023-10-10 21:08:18] Текст ошибки: Страница не найдена | Файл: D:\OSPanel\domains\new-ishop.loc\vendor\wfm\Router.php | Строка: 71
=================
[2023-10-10 21:08:18] Текст ошибки: Страница не найдена | Файл: D:\OSPanel\domains\new-ishop.loc\vendor\wfm\Router.php | Строка: 71
=================
[2023-10-10 21:08:33] Текст ошибки: Страница не найдена | Файл: D:\OSPanel\domains\new-ishop.loc\vendor\wfm\Router.php | Строка: 71
=================
[2023-10-10 21:08:33] Текст ошибки: Страница не найдена | Файл: D:\OSPanel\domains\new-ishop.loc\vendor\wfm\Router.php | Строка: 71
=================
[2023-10-10 21:08:33] Текст ошибки: Страница не найдена | Файл: D:\OSPanel\domains\new-ishop.loc\vendor\wfm\Router.php | Строка: 71
=================
[2023-10-10 21:08:33] Текст ошибки: Страница не найдена | Файл: D:\OSPanel\domains\new-ishop.loc\vendor\wfm\Router.php | Строка: 71
=================
[2023-10-10 21:08:33] Текст ошибки: Страница не найдена | Файл: D:\OSPanel\domains\new-ishop.loc\vendor\wfm\Router.php | Строка: 71
=================
[2023-10-10 21:09:25] Текст ошибки: Страница не найдена | Файл: D:\OSPanel\domains\new-ishop.loc\vendor\wfm\Router.php | Строка: 71
=================
[2023-10-10 21:09:25] Текст ошибки: Страница не найдена | Файл: D:\OSPanel\domains\new-ishop.loc\vendor\wfm\Router.php | Строка: 71
=================
[2023-10-10 21:09:25] Текст ошибки: Страница не найдена | Файл: D:\OSPanel\domains\new-ishop.loc\vendor\wfm\Router.php | Строка: 71
=================
[2023-10-10 21:09:25] Текст ошибки: Страница не найдена | Файл: D:\OSPanel\domains\new-ishop.loc\vendor\wfm\Router.php | Строка: 71
=================
[2023-10-10 21:09:25] Текст ошибки: Страница не найдена | Файл: D:\OSPanel\domains\new-ishop.loc\vendor\wfm\Router.php | Строка: 71
=================
[2023-10-10 21:09:28] Текст ошибки: Страница не найдена | Файл: D:\OSPanel\domains\new-ishop.loc\vendor\wfm\Router.php | Строка: 71
=================
[2023-10-10 21:09:28] Текст ошибки: Страница не найдена | Файл: D:\OSPanel\domains\new-ishop.loc\vendor\wfm\Router.php | Строка: 71
=================
[2023-10-10 21:09:28] Текст ошибки: Страница не найдена | Файл: D:\OSPanel\domains\new-ishop.loc\vendor\wfm\Router.php | Строка: 71
=================
[2023-10-10 21:09:28] Текст ошибки: Страница не найдена | Файл: D:\OSPanel\domains\new-ishop.loc\vendor\wfm\Router.php | Строка: 71
=================
[2023-10-10 21:09:28] Текст ошибки: Страница не найдена | Файл: D:\OSPanel\domains\new-ishop.loc\vendor\wfm\Router.php | Строка: 71
=================
[2023-10-10 21:18:25] Текст ошибки: SQLSTATE[42S02]: Base table or view not found: 1146 Table 'newishop.product_gallery' doesn't exist | Файл: D:\OSPanel\domains\new-ishop.loc\vendor\gabordemooij\redbean\RedBeanPHP\Driver\RPDO.php | Строка: 206
=================
[2023-10-10 21:18:26] Текст ошибки: SQLSTATE[42S02]: Base table or view not found: 1146 Table 'newishop.product_gallery' doesn't exist | Файл: D:\OSPanel\domains\new-ishop.loc\vendor\gabordemooij\redbean\RedBeanPHP\Driver\RPDO.php | Строка: 206
=================
[2023-10-10 21:18:42] Текст ошибки: Call to undefined method app\models\Product::get_gallery() | Файл: D:\OSPanel\domains\new-ishop.loc\app\controllers\ProductController.php | Строка: 21
=================
[2023-10-10 21:18:55] Текст ошибки: compact(): Undefined variable $gallery | Файл: D:\OSPanel\domains\new-ishop.loc\app\controllers\ProductController.php | Строка: 23
=================
[2023-10-10 21:19:05] Текст ошибки: Страница не найдена | Файл: D:\OSPanel\domains\new-ishop.loc\vendor\wfm\Router.php | Строка: 71
=================
[2023-10-10 21:19:05] Текст ошибки: Страница не найдена | Файл: D:\OSPanel\domains\new-ishop.loc\vendor\wfm\Router.php | Строка: 71
=================
[2023-10-10 21:19:05] Текст ошибки: Страница не найдена | Файл: D:\OSPanel\domains\new-ishop.loc\vendor\wfm\Router.php | Строка: 71
=================
[2023-10-10 21:19:05] Текст ошибки: Страница не найдена | Файл: D:\OSPanel\domains\new-ishop.loc\vendor\wfm\Router.php | Строка: 71
=================
[2023-10-10 21:19:05] Текст ошибки: Страница не найдена | Файл: D:\OSPanel\domains\new-ishop.loc\vendor\wfm\Router.php | Строка: 71
=================
[2023-10-11 11:07:37] Текст ошибки: Страница не найдена | Файл: D:\OSPanel\domains\new-ishop.loc\vendor\wfm\Router.php | Строка: 71
=================
[2023-10-11 11:35:28] Текст ошибки: Страница не найдена | Файл: D:\OSPanel\domains\new-ishop.loc\vendor\wfm\Router.php | Строка: 71
=================
[2023-10-11 11:36:37] Текст ошибки: Страница не найдена | Файл: D:\OSPanel\domains\new-ishop.loc\vendor\wfm\Router.php | Строка: 71
=================
[2023-10-11 11:59:34] Текст ошибки: Страница не найдена | Файл: D:\OSPanel\domains\new-ishop.loc\vendor\wfm\Router.php | Строка: 71
=================
[2023-10-11 11:59:35] Текст ошибки: Страница не найдена | Файл: D:\OSPanel\domains\new-ishop.loc\vendor\wfm\Router.php | Строка: 71
=================
[2023-10-11 11:59:42] Текст ошибки: Товар по запросу apple-cinema-30dd не найден | Файл: D:\OSPanel\domains\new-ishop.loc\app\controllers\ProductController.php | Строка: 20
=================
[2023-10-11 11:59:48] Текст ошибки: Товар по запросу apple-cinema-30dd не найден | Файл: D:\OSPanel\domains\new-ishop.loc\app\controllers\ProductController.php | Строка: 20
=================
[2023-10-11 11:59:48] Текст ошибки: Товар по запросу apple-cinema-30dd не найден | Файл: D:\OSPanel\domains\new-ishop.loc\app\controllers\ProductController.php | Строка: 20
=================
[2023-10-11 11:59:48] Текст ошибки: Товар по запросу apple-cinema-30dd не найден | Файл: D:\OSPanel\domains\new-ishop.loc\app\controllers\ProductController.php | Строка: 20
=================
[2023-10-11 11:59:49] Текст ошибки: Товар по запросу apple-cinema-30dd не найден | Файл: D:\OSPanel\domains\new-ishop.loc\app\controllers\ProductController.php | Строка: 20
=================
[2023-10-11 11:59:49] Текст ошибки: Товар по запросу apple-cinema-30dd не найден | Файл: D:\OSPanel\domains\new-ishop.loc\app\controllers\ProductController.php | Строка: 20
=================
[2023-10-11 12:00:08] Текст ошибки: Товар по запросу imacdd не найден | Файл: D:\OSPanel\domains\new-ishop.loc\app\controllers\ProductController.php | Строка: 20
=================
[2023-10-11 12:00:21] Текст ошибки: Товар по запросу imacdd не найден | Файл: D:\OSPanel\domains\new-ishop.loc\app\controllers\ProductController.php | Строка: 20
=================
[2023-10-11 12:00:22] Текст ошибки: Товар по запросу imacdd не найден | Файл: D:\OSPanel\domains\new-ishop.loc\app\controllers\ProductController.php | Строка: 20
=================
[2023-10-11 12:00:32] Текст ошибки: Товар по запросу imacdd не найден | Файл: D:\OSPanel\domains\new-ishop.loc\app\controllers\ProductController.php | Строка: 20
=================
[2023-10-11 12:00:33] Текст ошибки: Товар по запросу imacdd не найден | Файл: D:\OSPanel\domains\new-ishop.loc\app\controllers\ProductController.php | Строка: 20
=================
[2023-10-11 12:00:34] Текст ошибки: Товар по запросу imacdd не найден | Файл: D:\OSPanel\domains\new-ishop.loc\app\controllers\ProductController.php | Строка: 20
=================
[2023-10-11 12:00:41] Текст ошибки: Товар по запросу imacdd не найден | Файл: D:\OSPanel\domains\new-ishop.loc\app\controllers\ProductController.php | Строка: 20
=================
[2023-10-11 12:00:52] Текст ошибки: Товар по запросу apple-cinema-30e не найден | Файл: D:\OSPanel\domains\new-ishop.loc\app\controllers\ProductController.php | Строка: 20
=================
[2023-10-14 16:32:44] Текст ошибки: Контроллер app\controllers\SearchController не найден | Файл: D:\OSPanel\domains\new-ishop.loc\vendor\wfm\Router.php | Строка: 67
=================
[2023-10-14 16:32:45] Текст ошибки: Страница не найдена | Файл: D:\OSPanel\domains\new-ishop.loc\vendor\wfm\Router.php | Строка: 71
=================
[2023-10-14 16:36:12] Текст ошибки: Typed property wfm\Controller::$model must not be accessed before initialization | Файл: D:\OSPanel\domains\new-ishop.loc\app\controllers\SearchController.php | Строка: 21
=================
[2023-10-14 16:36:13] Текст ошибки: Typed property wfm\Controller::$model must not be accessed before initialization | Файл: D:\OSPanel\domains\new-ishop.loc\app\controllers\SearchController.php | Строка: 21
=================
[2023-10-14 18:57:52] Текст ошибки: Метод app\controllers\WishlistController::deleteAction не найден | Файл: D:\OSPanel\domains\new-ishop.loc\vendor\wfm\Router.php | Строка: 64
=================
[2023-10-14 19:06:34] Текст ошибки: Контроллер app\controllers\EnController не найден | Файл: D:\OSPanel\domains\new-ishop.loc\vendor\wfm\Router.php | Строка: 67
=================
[2023-10-14 19:07:35] Текст ошибки: Не найден вид D:\OSPanel\domains\new-ishop.loc/app/views/Wishlist/index.php | Файл: D:\OSPanel\domains\new-ishop.loc\vendor\wfm\View.php | Строка: 41
=================
[2023-10-14 19:07:36] Текст ошибки: Не найден вид D:\OSPanel\domains\new-ishop.loc/app/views/Wishlist/index.php | Файл: D:\OSPanel\domains\new-ishop.loc\vendor\wfm\View.php | Строка: 41
=================
[2023-10-14 20:16:17] Текст ошибки: Страница не найдена | Файл: D:\OSPanel\domains\new-ishop.loc\vendor\wfm\Router.php | Строка: 71
=================
[2023-10-14 20:16:17] Текст ошибки: Страница не найдена | Файл: D:\OSPanel\domains\new-ishop.loc\vendor\wfm\Router.php | Строка: 71
=================
[2023-10-14 20:16:17] Текст ошибки: Страница не найдена | Файл: D:\OSPanel\domains\new-ishop.loc\vendor\wfm\Router.php | Строка: 71
=================
[2023-10-14 20:16:17] Текст ошибки: Страница не найдена | Файл: D:\OSPanel\domains\new-ishop.loc\vendor\wfm\Router.php | Строка: 71
=================
[2023-10-14 20:16:17] Текст ошибки: Страница не найдена | Файл: D:\OSPanel\domains\new-ishop.loc\vendor\wfm\Router.php | Строка: 71
=================
[2023-10-14 20:16:19] Текст ошибки: Страница не найдена | Файл: D:\OSPanel\domains\new-ishop.loc\vendor\wfm\Router.php | Строка: 71
=================
[2023-10-14 20:16:19] Текст ошибки: Страница не найдена | Файл: D:\OSPanel\domains\new-ishop.loc\vendor\wfm\Router.php | Строка: 71
=================
[2023-10-14 20:16:19] Текст ошибки: Страница не найдена | Файл: D:\OSPanel\domains\new-ishop.loc\vendor\wfm\Router.php | Строка: 71
=================
[2023-10-14 20:16:19] Текст ошибки: Страница не найдена | Файл: D:\OSPanel\domains\new-ishop.loc\vendor\wfm\Router.php | Строка: 71
=================
[2023-10-14 20:16:19] Текст ошибки: Страница не найдена | Файл: D:\OSPanel\domains\new-ishop.loc\vendor\wfm\Router.php | Строка: 71
=================
[2023-10-14 20:16:29] Текст ошибки: Страница не найдена | Файл: D:\OSPanel\domains\new-ishop.loc\vendor\wfm\Router.php | Строка: 71
=================
[2023-10-14 20:16:29] Текст ошибки: Страница не найдена | Файл: D:\OSPanel\domains\new-ishop.loc\vendor\wfm\Router.php | Строка: 71
=================
[2023-10-14 20:16:29] Текст ошибки: Страница не найдена | Файл: D:\OSPanel\domains\new-ishop.loc\vendor\wfm\Router.php | Строка: 71
=================
[2023-10-14 20:16:29] Текст ошибки: Страница не найдена | Файл: D:\OSPanel\domains\new-ishop.loc\vendor\wfm\Router.php | Строка: 71
=================
[2023-10-14 20:16:29] Текст ошибки: Страница не найдена | Файл: D:\OSPanel\domains\new-ishop.loc\vendor\wfm\Router.php | Строка: 71
=================
[2023-10-14 20:16:30] Текст ошибки: Страница не найдена | Файл: D:\OSPanel\domains\new-ishop.loc\vendor\wfm\Router.php | Строка: 71
=================
[2023-10-14 20:16:35] Текст ошибки: Страница не найдена | Файл: D:\OSPanel\domains\new-ishop.loc\vendor\wfm\Router.php | Строка: 71
=================
[2023-10-14 20:16:35] Текст ошибки: Страница не найдена | Файл: D:\OSPanel\domains\new-ishop.loc\vendor\wfm\Router.php | Строка: 71
=================
[2023-10-14 20:16:35] Текст ошибки: Страница не найдена | Файл: D:\OSPanel\domains\new-ishop.loc\vendor\wfm\Router.php | Строка: 71
=================
[2023-10-14 20:16:35] Текст ошибки: Страница не найдена | Файл: D:\OSPanel\domains\new-ishop.loc\vendor\wfm\Router.php | Строка: 71
=================
[2023-10-14 20:16:35] Текст ошибки: Страница не найдена | Файл: D:\OSPanel\domains\new-ishop.loc\vendor\wfm\Router.php | Строка: 71
=================
[2023-10-14 20:17:20] Текст ошибки: Страница не найдена | Файл: D:\OSPanel\domains\new-ishop.loc\vendor\wfm\Router.php | Строка: 71
=================
[2023-10-14 20:17:20] Текст ошибки: Страница не найдена | Файл: D:\OSPanel\domains\new-ishop.loc\vendor\wfm\Router.php | Строка: 71
=================
[2023-10-14 20:17:20] Текст ошибки: Страница не найдена | Файл: D:\OSPanel\domains\new-ishop.loc\vendor\wfm\Router.php | Строка: 71
=================
[2023-10-14 20:17:20] Текст ошибки: Страница не найдена | Файл: D:\OSPanel\domains\new-ishop.loc\vendor\wfm\Router.php | Строка: 71
=================
[2023-10-14 20:17:20] Текст ошибки: Страница не найдена | Файл: D:\OSPanel\domains\new-ishop.loc\vendor\wfm\Router.php | Строка: 71
=================
[2023-10-14 20:17:53] Текст ошибки: Контроллер app\controllers\PageController не найден | Файл: D:\OSPanel\domains\new-ishop.loc\vendor\wfm\Router.php | Строка: 67
=================
[2023-10-14 20:17:56] Текст ошибки: Страница не найдена | Файл: D:\OSPanel\domains\new-ishop.loc\vendor\wfm\Router.php | Строка: 71
=================
[2023-10-14 20:17:56] Текст ошибки: Страница не найдена | Файл: D:\OSPanel\domains\new-ishop.loc\vendor\wfm\Router.php | Строка: 71
=================
[2023-10-14 20:17:56] Текст ошибки: Страница не найдена | Файл: D:\OSPanel\domains\new-ishop.loc\vendor\wfm\Router.php | Строка: 71
=================
[2023-10-14 20:17:56] Текст ошибки: Страница не найдена | Файл: D:\OSPanel\domains\new-ishop.loc\vendor\wfm\Router.php | Строка: 71
=================
[2023-10-14 20:17:56] Текст ошибки: Страница не найдена | Файл: D:\OSPanel\domains\new-ishop.loc\vendor\wfm\Router.php | Строка: 71
=================
[2023-10-14 20:18:01] Текст ошибки: Контроллер app\controllers\PageController не найден | Файл: D:\OSPanel\domains\new-ishop.loc\vendor\wfm\Router.php | Строка: 67
=================
[2023-10-14 20:18:03] Текст ошибки: Страница не найдена | Файл: D:\OSPanel\domains\new-ishop.loc\vendor\wfm\Router.php | Строка: 71
=================
[2023-10-14 20:18:03] Текст ошибки: Страница не найдена | Файл: D:\OSPanel\domains\new-ishop.loc\vendor\wfm\Router.php | Строка: 71
=================
[2023-10-14 20:18:03] Текст ошибки: Страница не найдена | Файл: D:\OSPanel\domains\new-ishop.loc\vendor\wfm\Router.php | Строка: 71
=================
[2023-10-14 20:18:03] Текст ошибки: Страница не найдена | Файл: D:\OSPanel\domains\new-ishop.loc\vendor\wfm\Router.php | Строка: 71
=================
[2023-10-14 20:18:03] Текст ошибки: Страница не найдена | Файл: D:\OSPanel\domains\new-ishop.loc\vendor\wfm\Router.php | Строка: 71
=================
[2023-10-14 20:18:04] Текст ошибки: Контроллер app\controllers\PageController не найден | Файл: D:\OSPanel\domains\new-ishop.loc\vendor\wfm\Router.php | Строка: 67
=================
[2023-10-14 20:19:06] Текст ошибки: Страница не найдена | Файл: D:\OSPanel\domains\new-ishop.loc\vendor\wfm\Router.php | Строка: 71
=================
[2023-10-14 20:19:06] Текст ошибки: Страница не найдена | Файл: D:\OSPanel\domains\new-ishop.loc\vendor\wfm\Router.php | Строка: 71
=================
[2023-10-14 20:19:06] Текст ошибки: Страница не найдена | Файл: D:\OSPanel\domains\new-ishop.loc\vendor\wfm\Router.php | Строка: 71
=================
[2023-10-14 20:19:06] Текст ошибки: Страница не найдена | Файл: D:\OSPanel\domains\new-ishop.loc\vendor\wfm\Router.php | Строка: 71
=================
[2023-10-14 20:19:08] Текст ошибки: Страница не найдена | Файл: D:\OSPanel\domains\new-ishop.loc\vendor\wfm\Router.php | Строка: 71
=================
[2023-10-14 20:19:08] Текст ошибки: Страница не найдена | Файл: D:\OSPanel\domains\new-ishop.loc\vendor\wfm\Router.php | Строка: 71
=================
[2023-10-14 20:19:08] Текст ошибки: Страница не найдена | Файл: D:\OSPanel\domains\new-ishop.loc\vendor\wfm\Router.php | Строка: 71
=================
[2023-10-14 20:19:08] Текст ошибки: Страница не найдена | Файл: D:\OSPanel\domains\new-ishop.loc\vendor\wfm\Router.php | Строка: 71
=================
[2023-10-14 20:20:18] Текст ошибки: Страница не найдена | Файл: D:\OSPanel\domains\new-ishop.loc\vendor\wfm\Router.php | Строка: 71
=================
[2023-10-14 20:20:18] Текст ошибки: Страница не найдена | Файл: D:\OSPanel\domains\new-ishop.loc\vendor\wfm\Router.php | Строка: 71
=================
[2023-10-14 20:20:18] Текст ошибки: Страница не найдена | Файл: D:\OSPanel\domains\new-ishop.loc\vendor\wfm\Router.php | Строка: 71
=================
[2023-10-14 20:20:18] Текст ошибки: Страница не найдена | Файл: D:\OSPanel\domains\new-ishop.loc\vendor\wfm\Router.php | Строка: 71
=================
[2023-10-14 20:20:25] Текст ошибки: Страница не найдена | Файл: D:\OSPanel\domains\new-ishop.loc\vendor\wfm\Router.php | Строка: 71
=================
[2023-10-14 20:20:25] Текст ошибки: Страница не найдена | Файл: D:\OSPanel\domains\new-ishop.loc\vendor\wfm\Router.php | Строка: 71
=================
[2023-10-14 20:20:25] Текст ошибки: Страница не найдена | Файл: D:\OSPanel\domains\new-ishop.loc\vendor\wfm\Router.php | Строка: 71
=================
[2023-10-14 20:20:25] Текст ошибки: Страница не найдена | Файл: D:\OSPanel\domains\new-ishop.loc\vendor\wfm\Router.php | Строка: 71
=================
[2023-10-15 11:41:26] Текст ошибки: Страница не найдена | Файл: D:\OSPanel\domains\new-ishop.loc\vendor\wfm\Router.php | Строка: 71
=================
[2023-10-15 12:45:53] Текст ошибки: Метод app\controllers\UserController::loginAction не найден | Файл: D:\OSPanel\domains\new-ishop.loc\vendor\wfm\Router.php | Строка: 64
=================
[2023-10-15 12:46:09] Текст ошибки: Fail to load language file 'D:\OSPanel\domains\new-ishop.loc/app/languages/validator/lang/ru.php' | Файл: D:\OSPanel\domains\new-ishop.loc\vendor\vlucas\valitron\src\Valitron\Validator.php | Строка: 118
=================
[2023-10-15 12:47:18] Текст ошибки: Fail to load language file 'D:\OSPanel\domains\new-ishop.loc/app/languages/validator/lang/ru.php' | Файл: D:\OSPanel\domains\new-ishop.loc\vendor\vlucas\valitron\src\Valitron\Validator.php | Строка: 118
=================
[2023-10-15 12:47:46] Текст ошибки: Fail to load language file 'D:\OSPanel\domains\new-ishop.loc/app/languages/validator/lang/ru.php' | Файл: D:\OSPanel\domains\new-ishop.loc\vendor\vlucas\valitron\src\Valitron\Validator.php | Строка: 118
=================
[2023-10-15 12:48:09] Текст ошибки: Fail to load language file 'D:\OSPanel\domains\new-ishop.loc/app/languages/validator/lang/ru.php' | Файл: D:\OSPanel\domains\new-ishop.loc\vendor\vlucas\valitron\src\Valitron\Validator.php | Строка: 118
=================
[2023-10-15 13:31:57] Текст ошибки: SQLSTATE[23000]: Integrity constraint violation: 1062 Duplicate entry 'polina@gmail.com' for key 'email' | Файл: D:\OSPanel\domains\new-ishop.loc\vendor\gabordemooij\redbean\RedBeanPHP\Driver\RPDO.php | Строка: 206
=================
[2023-10-15 19:12:45] Текст ошибки: Метод app\controllers\CartController::viewAction не найден | Файл: D:\OSPanel\domains\new-ishop.loc\vendor\wfm\Router.php | Строка: 64
=================
[2023-10-16 15:37:41] Текст ошибки: Class "app\controllers\Order" not found | Файл: D:\OSPanel\domains\new-ishop.loc\app\controllers\CartController.php | Строка: 104
=================
[2023-10-16 15:37:42] Текст ошибки: Страница не найдена | Файл: D:\OSPanel\domains\new-ishop.loc\vendor\wfm\Router.php | Строка: 71
=================
[2023-10-16 15:38:14] Текст ошибки: Class "app\controllers\Order" not found | Файл: D:\OSPanel\domains\new-ishop.loc\app\controllers\CartController.php | Строка: 104
=================
[2023-10-16 20:50:28] Текст ошибки: Метод app\controllers\UserController::orderAction не найден | Файл: D:\OSPanel\domains\new-ishop.loc\vendor\wfm\Router.php | Строка: 64
=================
[2023-10-16 20:50:28] Текст ошибки: Страница не найдена | Файл: D:\OSPanel\domains\new-ishop.loc\vendor\wfm\Router.php | Строка: 71
=================
[2023-10-17 16:15:06] Текст ошибки: Страница не найдена | Файл: D:\OSPanel\domains\new-ishop.loc\vendor\wfm\Router.php | Строка: 71
=================
[2023-10-17 16:15:06] Текст ошибки: Страница не найдена | Файл: D:\OSPanel\domains\new-ishop.loc\vendor\wfm\Router.php | Строка: 71
=================
[2023-10-17 16:15:06] Текст ошибки: Страница не найдена | Файл: D:\OSPanel\domains\new-ishop.loc\vendor\wfm\Router.php | Строка: 71
=================
[2023-10-17 16:15:06] Текст ошибки: Страница не найдена | Файл: D:\OSPanel\domains\new-ishop.loc\vendor\wfm\Router.php | Строка: 71
=================
[2023-10-17 16:15:06] Текст ошибки: Страница не найдена | Файл: D:\OSPanel\domains\new-ishop.loc\vendor\wfm\Router.php | Строка: 71
=================
[2023-10-17 16:15:06] Текст ошибки: Страница не найдена | Файл: D:\OSPanel\domains\new-ishop.loc\vendor\wfm\Router.php | Строка: 71
=================
[2023-10-17 16:15:06] Текст ошибки: Страница не найдена | Файл: D:\OSPanel\domains\new-ishop.loc\vendor\wfm\Router.php | Строка: 71
=================
[2023-10-17 16:15:06] Текст ошибки: Страница не найдена | Файл: D:\OSPanel\domains\new-ishop.loc\vendor\wfm\Router.php | Строка: 71
=================
[2023-10-17 16:15:06] Текст ошибки: Страница не найдена | Файл: D:\OSPanel\domains\new-ishop.loc\vendor\wfm\Router.php | Строка: 71
=================
[2023-10-17 16:15:06] Текст ошибки: Страница не найдена | Файл: D:\OSPanel\domains\new-ishop.loc\vendor\wfm\Router.php | Строка: 71
=================
[2023-10-17 16:15:06] Текст ошибки: Страница не найдена | Файл: D:\OSPanel\domains\new-ishop.loc\vendor\wfm\Router.php | Строка: 71
=================
[2023-10-17 16:15:06] Текст ошибки: Страница не найдена | Файл: D:\OSPanel\domains\new-ishop.loc\vendor\wfm\Router.php | Строка: 71
=================
[2023-10-17 16:15:06] Текст ошибки: Страница не найдена | Файл: D:\OSPanel\domains\new-ishop.loc\vendor\wfm\Router.php | Строка: 71
=================
[2023-10-17 16:26:31] Текст ошибки: Страница не найдена | Файл: D:\OSPanel\domains\new-ishop.loc\vendor\wfm\Router.php | Строка: 71
=================
[2023-10-17 16:26:31] Текст ошибки: Страница не найдена | Файл: D:\OSPanel\domains\new-ishop.loc\vendor\wfm\Router.php | Строка: 71
=================
[2023-10-17 17:11:53] Текст ошибки: Trying to access array offset on value of type null | Файл: D:\OSPanel\domains\new-ishop.loc\app\widgets\language\lang_tpl.php | Строка: 4
=================
[2023-10-17 17:11:54] Текст ошибки: Trying to access array offset on value of type null | Файл: D:\OSPanel\domains\new-ishop.loc\app\widgets\language\lang_tpl.php | Строка: 4
=================
[2023-10-17 17:11:56] Текст ошибки: Trying to access array offset on value of type null | Файл: D:\OSPanel\domains\new-ishop.loc\app\widgets\language\lang_tpl.php | Строка: 4
=================
[2023-10-17 17:44:39] Текст ошибки: Страница не найдена | Файл: D:\OSPanel\domains\new-ishop.loc\vendor\wfm\Router.php | Строка: 71
=================
[2023-10-17 18:39:14] Текст ошибки: foreach() argument must be of type array|object, null given | Файл: D:\OSPanel\domains\new-ishop.loc\app\widgets\menu\Menu.php | Строка: 90
=================
[2023-10-17 18:39:16] Текст ошибки: foreach() argument must be of type array|object, null given | Файл: D:\OSPanel\domains\new-ishop.loc\app\widgets\menu\Menu.php | Строка: 90
=================
[2023-10-17 18:39:17] Текст ошибки: foreach() argument must be of type array|object, null given | Файл: D:\OSPanel\domains\new-ishop.loc\app\widgets\menu\Menu.php | Строка: 90
=================
[2023-10-17 18:43:00] Текст ошибки: foreach() argument must be of type array|object, null given | Файл: D:\OSPanel\domains\new-ishop.loc\app\widgets\menu\Menu.php | Строка: 90
=================
[2023-10-17 18:43:00] Текст ошибки: foreach() argument must be of type array|object, null given | Файл: D:\OSPanel\domains\new-ishop.loc\app\widgets\menu\Menu.php | Строка: 90
=================
[2023-10-17 18:43:01] Текст ошибки: foreach() argument must be of type array|object, null given | Файл: D:\OSPanel\domains\new-ishop.loc\app\widgets\menu\Menu.php | Строка: 90
=================
[2023-10-17 18:43:04] Текст ошибки: foreach() argument must be of type array|object, null given | Файл: D:\OSPanel\domains\new-ishop.loc\app\widgets\menu\Menu.php | Строка: 90
=================
[2023-10-18 11:11:41] Текст ошибки: require(D:\OSPanel\domains\new-ishop.loc/app/widgets/menu/admin_select_tpl.php): Failed to open stream: No such file or directory | Файл: D:\OSPanel\domains\new-ishop.loc\app\widgets\menu\Menu.php | Строка: 113
=================
[2023-10-18 11:11:41] Текст ошибки: Страница не найдена | Файл: D:\OSPanel\domains\new-ishop.loc\vendor\wfm\Router.php | Строка: 71
=================
[2023-10-18 11:20:02] Текст ошибки: Call to undefined function get_field_array_value() | Файл: D:\OSPanel\domains\new-ishop.loc\app\views\admin\Category\add.php | Строка: 45
=================
[2023-10-18 11:20:03] Текст ошибки: Call to undefined function get_field_array_value() | Файл: D:\OSPanel\domains\new-ishop.loc\app\views\admin\Category\add.php | Строка: 45
=================
[2023-10-18 11:20:04] Текст ошибки: Call to undefined function get_field_array_value() | Файл: D:\OSPanel\domains\new-ishop.loc\app\views\admin\Category\add.php | Строка: 45
=================
[2023-10-18 11:20:11] Текст ошибки: Call to undefined function get_field_array_value() | Файл: D:\OSPanel\domains\new-ishop.loc\app\views\admin\Category\add.php | Строка: 45
=================
[2023-10-18 11:20:38] Текст ошибки: Call to undefined function get_field_array_value() | Файл: D:\OSPanel\domains\new-ishop.loc\app\views\admin\Category\add.php | Строка: 45
=================
[2023-10-18 11:22:34] Текст ошибки: Call to undefined function get_field_array_value() | Файл: D:\OSPanel\domains\new-ishop.loc\app\views\admin\Category\add.php | Строка: 45
=================
[2023-10-18 11:23:57] Текст ошибки: Call to undefined function get_field_array_value() | Файл: D:\OSPanel\domains\new-ishop.loc\app\views\admin\Category\add.php | Строка: 45
=================
[2023-10-18 11:23:58] Текст ошибки: Call to undefined function get_field_array_value() | Файл: D:\OSPanel\domains\new-ishop.loc\app\views\admin\Category\add.php | Строка: 45
=================
[2023-10-18 11:32:33] Текст ошибки: Call to undefined function get_field_array_value() | Файл: D:\OSPanel\domains\new-ishop.loc\app\views\admin\Category\add.php | Строка: 45
=================
[2023-10-18 11:32:34] Текст ошибки: Call to undefined function get_field_array_value() | Файл: D:\OSPanel\domains\new-ishop.loc\app\views\admin\Category\add.php | Строка: 45
=================
[2023-10-18 11:32:36] Текст ошибки: Call to undefined function get_field_array_value() | Файл: D:\OSPanel\domains\new-ishop.loc\app\views\admin\Category\add.php | Строка: 45
=================
[2023-10-18 11:47:05] Текст ошибки: htmlspecialchars(): Argument #1 ($string) must be of type string, array given | Файл: D:\OSPanel\domains\new-ishop.loc\vendor\wfm\helpers\functions.php | Строка: 14
=================
[2023-10-18 11:47:15] Текст ошибки: htmlspecialchars(): Argument #1 ($string) must be of type string, array given | Файл: D:\OSPanel\domains\new-ishop.loc\vendor\wfm\helpers\functions.php | Строка: 14
=================
[2023-10-18 11:47:25] Текст ошибки: htmlspecialchars(): Argument #1 ($string) must be of type string, array given | Файл: D:\OSPanel\domains\new-ishop.loc\vendor\wfm\helpers\functions.php | Строка: 14
=================
[2023-10-18 20:01:34] Текст ошибки: Не найден вид D:\OSPanel\domains\new-ishop.loc/app/views/admin/Product/add.php | Файл: D:\OSPanel\domains\new-ishop.loc\vendor\wfm\View.php | Строка: 41
=================
[2023-10-18 20:42:50] Текст ошибки: Метод app\controllers\admin\ProductController::getDownloadAction не найден | Файл: D:\OSPanel\domains\new-ishop.loc\vendor\wfm\Router.php | Строка: 64
=================
[2023-10-18 20:42:53] Текст ошибки: Метод app\controllers\admin\ProductController::getDownloadAction не найден | Файл: D:\OSPanel\domains\new-ishop.loc\vendor\wfm\Router.php | Строка: 64
=================
[2023-10-18 20:42:53] Текст ошибки: Метод app\controllers\admin\ProductController::getDownloadAction не найден | Файл: D:\OSPanel\domains\new-ishop.loc\vendor\wfm\Router.php | Строка: 64
=================
[2023-10-18 20:52:58] Текст ошибки: Метод app\controllers\admin\ProductController::getDownloadAction не найден | Файл: D:\OSPanel\domains\new-ishop.loc\vendor\wfm\Router.php | Строка: 64
=================
[2023-10-18 20:53:00] Текст ошибки: Метод app\controllers\admin\ProductController::getDownloadAction не найден | Файл: D:\OSPanel\domains\new-ishop.loc\vendor\wfm\Router.php | Строка: 64
=================
[2023-10-18 20:53:00] Текст ошибки: Метод app\controllers\admin\ProductController::getDownloadAction не найден | Файл: D:\OSPanel\domains\new-ishop.loc\vendor\wfm\Router.php | Строка: 64
=================
[2023-10-18 20:53:08] Текст ошибки: Метод app\controllers\admin\ProductController::getDownloadAction не найден | Файл: D:\OSPanel\domains\new-ishop.loc\vendor\wfm\Router.php | Строка: 64
=================
[2023-10-18 20:53:08] Текст ошибки: Метод app\controllers\admin\ProductController::getDownloadAction не найден | Файл: D:\OSPanel\domains\new-ishop.loc\vendor\wfm\Router.php | Строка: 64
=================
[2023-10-18 20:53:11] Текст ошибки: Метод app\controllers\admin\ProductController::getDownloadAction не найден | Файл: D:\OSPanel\domains\new-ishop.loc\vendor\wfm\Router.php | Строка: 64
=================
[2023-10-18 20:53:13] Текст ошибки: Метод app\controllers\admin\ProductController::getDownloadAction не найден | Файл: D:\OSPanel\domains\new-ishop.loc\vendor\wfm\Router.php | Строка: 64
=================
[2023-10-18 20:53:35] Текст ошибки: Метод app\controllers\admin\ProductController::getDownloadAction не найден | Файл: D:\OSPanel\domains\new-ishop.loc\vendor\wfm\Router.php | Строка: 64
=================
[2023-10-18 20:54:21] Текст ошибки: Метод app\controllers\admin\ProductController::getDownloadAction не найден | Файл: D:\OSPanel\domains\new-ishop.loc\vendor\wfm\Router.php | Строка: 64
=================
[2023-10-18 20:54:26] Текст ошибки: Метод app\controllers\admin\ProductController::getDownloadAction не найден | Файл: D:\OSPanel\domains\new-ishop.loc\vendor\wfm\Router.php | Строка: 64
=================
[2023-10-18 20:54:39] Текст ошибки: Метод app\controllers\admin\ProductController::getDownloadAction не найден | Файл: D:\OSPanel\domains\new-ishop.loc\vendor\wfm\Router.php | Строка: 64
=================
[2023-10-19 19:21:50] Текст ошибки: Страница не найдена | Файл: D:\OSPanel\domains\new-ishop.loc\vendor\wfm\Router.php | Строка: 71
=================
[2023-10-20 12:57:33] Текст ошибки: Страница не найдена | Файл: D:\OSPanel\domains\new-ishop.loc\vendor\wfm\Router.php | Строка: 71
=================
[2023-10-20 13:57:32] Текст ошибки: Не найден вид D:\OSPanel\domains\new-ishop.loc/app/views/admin/Download/index.php | Файл: D:\OSPanel\domains\new-ishop.loc\vendor\wfm\View.php | Строка: 41
=================
[2023-10-20 15:24:53] Текст ошибки: Контроллер app\controllers\admin\OrdersController не найден | Файл: D:\OSPanel\domains\new-ishop.loc\vendor\wfm\Router.php | Строка: 67
=================
[2023-10-20 15:24:56] Текст ошибки: Контроллер app\controllers\admin\OrdersController не найден | Файл: D:\OSPanel\domains\new-ishop.loc\vendor\wfm\Router.php | Строка: 67
=================
[2023-10-20 15:25:38] Текст ошибки: Контроллер app\controllers\admin\OrdersController не найден | Файл: D:\OSPanel\domains\new-ishop.loc\vendor\wfm\Router.php | Строка: 67
=================
[2023-10-20 15:25:39] Текст ошибки: Контроллер app\controllers\admin\OrdersController не найден | Файл: D:\OSPanel\domains\new-ishop.loc\vendor\wfm\Router.php | Строка: 67
=================
[2023-10-20 15:25:58] Текст ошибки: Контроллер app\controllers\admin\OrdersController не найден | Файл: D:\OSPanel\domains\new-ishop.loc\vendor\wfm\Router.php | Строка: 67
=================
[2023-10-20 18:11:31] Текст ошибки: Не найден вид D:\OSPanel\domains\new-ishop.loc/app/views/admin/User/edit.php | Файл: D:\OSPanel\domains\new-ishop.loc\vendor\wfm\View.php | Строка: 41
=================
[2023-10-20 18:17:11] Текст ошибки: Не найден вид D:\OSPanel\domains\new-ishop.loc/app/views/admin/User/add.php | Файл: D:\OSPanel\domains\new-ishop.loc\vendor\wfm\View.php | Строка: 41
=================
[2023-10-20 19:28:10] Текст ошибки: Typed property wfm\Controller::$model must not be accessed before initialization | Файл: D:\OSPanel\domains\new-ishop.loc\app\controllers\admin\PageController.php | Строка: 25
=================
[2023-10-20 19:28:48] Текст ошибки: Не найден вид D:\OSPanel\domains\new-ishop.loc/app/views/admin/Page/index.php | Файл: D:\OSPanel\domains\new-ishop.loc\vendor\wfm\View.php | Строка: 41
=================
[2023-10-23 15:39:46] Текст ошибки: Страница не найдена | Файл: D:\OSPanel\domains\new-ishop.loc\vendor\wfm\Router.php | Строка: 72
=================
[2023-10-28 13:30:39] Текст ошибки: Not found language product | Файл: D:\OSPanel\domains\new-ishop.loc\app\widgets\language\Language.php | Строка: 44
=================
[2023-10-28 13:30:39] Текст ошибки: Страница не найдена | Файл: D:\OSPanel\domains\new-ishop.loc\vendor\wfm\Router.php | Строка: 72
=================
[2025-09-27 09:13:44] Текст ошибки: No connection to DB | Файл: /home/gleb/Sites/new-ishop.loc/vendor/wfm/Db.php | Строка: 17
=================
[2025-09-27 09:13:44] Текст ошибки: No connection to DB | Файл: /home/gleb/Sites/new-ishop.loc/vendor/wfm/Db.php | Строка: 17
=================
